iso,pais,anio,pib_per_capita,exportaciones_pc,exportaciones_usd,poblacion,inflacion
DEU,Alemania,1990,22385.6778250275,22.7404117768503,404361405398.862,79433029,2.69646824292392
DEU,Alemania,1991,23443.3350818536,23.5660117742412,442049499116.087,80013896,4.04703259753466
DEU,Alemania,1992,26559.8543879632,22.089549620151,473020663744.521,80624598,5.05697796731731
DEU,Alemania,1993,25616.6508772405,19.8790217032561,413275760085.177,81156363,4.47457650752808
DEU,Alemania,1994,27201.9593555204,20.6057061403032,456474629384.115,81438348,2.69305639854954
DEU,Alemania,1995,31747.2449398447,21.4815282668309,557027432782.858,81678051,1.70616041317076
DEU,Alemania,1996,30599.7891048363,22.2821690795205,558519625682.35,81914831,1.44972701963239
DEU,Alemania,1997,27046.9565464237,24.7013999735662,548072411459.508,82034771,1.93936968221574
DEU,Alemania,1998,27395.9440608051,25.6601609051036,576778926308.77,82047195,0.911184687196224
DEU,Alemania,1999,26965.4922773722,26.0298761818567,576268522696.14,82100243,0.585434192138622
DEU,Alemania,2000,23925.8559901991,29.6806532498145,583812721397.648,82211508,1.44026838719741
DEU,Alemania,2001,23878.3641471651,30.5604113813066,600934274699.607,82349925,1.98385731334471
DEU,Alemania,2002,25486.5942008748,31.1904504893495,655732684858.04,82488495,1.42080615551526
DEU,Alemania,2003,30711.1022511331,31.2678451095809,792550922245.881,82534176,1.03422218628562
DEU,Alemania,2004,34566.7359143735,33.9352126434777,967940099859.462,82516260,1.66573696655992
DEU,Alemania,2005,35084.4363546269,35.9531497908166,1040265986689.49,82469422,1.54691114751328
DEU,Alemania,2006,36980.3349948954,38.9694499171537,1187129764083.53,82376451,1.57742642840563
DEU,Alemania,2007,42350.9217211489,40.6368056265783,1415809341318.83,82266372,2.29834400700951
DEU,Alemania,2008,46379.1647953479,40.9488738182043,1559414079161.72,82110097,2.62837981637219
DEU,Alemania,2009,42471.8868625226,35.4545162932994,1233301486982.42,81902307,0.312739007368447
DEU,Alemania,2010,42396.9665976293,39.4953465429823,1369340699300,81776930,1.1038103778926
DEU,Alemania,2011,47630.9761883572,41.6436286591115,1592275709231.52,80274983,2.07517283735874
DEU,Alemania,2012,44718.0159214069,42.6855834357406,1535179851348.05,80425823,2.00848884782956
DEU,Alemania,2013,47206.8353514242,41.6802838324356,1586778324179.22,80645605,1.50472330251876
DEU,Alemania,2014,48959.5991203133,41.6936675523627,1653100023449.01,80982500,0.906794000434246
DEU,Alemania,2015,41929.7549110722,42.5853976151835,1458592274325,81686611,0.514426137125456
DEU,Alemania,2016,42948.9381932694,41.6355419518592,1472560807845.53,82348669,0.491747008445174
DEU,Alemania,2017,45553.9341495339,42.2029575981591,1589089750187.06,82657002,1.50949485109628
DEU,Alemania,2018,48916.1686612154,42.4968914074717,1723433049609.41,82905782,1.73216879766942
DEU,Alemania,2019,47656.199739747,42.3402444816356,1676629137011.76,83092962,1.44565976888253
DEU,Alemania,2020,47394.8734504469,39.1198068808828,1541867660412.46,83160871,0.144877925813982
DEU,Alemania,2021,52349.2459994422,42.5198379291429,1851846071996.09,83196078,3.06666666666673
DEU,Alemania,2022,50506.5179638543,45.6284043425185,1916859170749.03,83177813,6.87257438551097
DEU,Alemania,2023,54776.7668235491,42.9672624196847,1960255682615.72,83287273,5.94643667725823
DEU,Alemania,2024,56103.7323182554,41.4340593720908,1941431210621.87,83516593,2.2564981433876
DEU,Alemania,2025,60496.4350820414,40.4347738545071,2042329262308.23,83491249,2.17178770949721
ARG,Argentina,1990,4315.33403111588,10.3595365925264,14643479947.2507,32755901,NA
ARG,Argentina,1991,5709.24784079504,7.67504334832217,14561091033.0362,33230294,NA
ARG,Argentina,1992,6789.99611136495,6.5981874720374,15095261860.4905,33693527,NA
ARG,Argentina,1993,6931.85596375876,6.90935153370832,16357317317.3173,34152717,NA
ARG,Argentina,1994,7437.56242327594,7.52994872591672,19385100000,34613491,NA
ARG,Argentina,1995,7357.6162773788,9.68041025959015,24978532000,35070020,NA
ARG,Argentina,1996,7663.21271287469,10.4285967560139,28381400000,35513793,NA
ARG,Argentina,1997,8146.78710021431,10.5608501019262,30928400000,35947791,NA
ARG,Argentina,1998,8218.99212764682,10.4155819610919,31137200000,36372860,NA
ARG,Argentina,1999,7705.54288252851,9.82717451494235,27862300000,36794682,NA
ARG,Argentina,2000,7637.01489203628,10.9863752325576,31223690400,37213984,NA
ARG,Argentina,2001,7141.47507662826,11.5790080825317,31112418400,37624825,NA
ARG,Argentina,2002,2569.69963519124,28.3825969991682,27736610298.2555,38029349,NA
ARG,Argentina,2003,3320.47775133903,25.9309429264224,33084505277.8061,38424282,NA
ARG,Argentina,2004,4242.02099089422,23.8476194239892,39266996605.7973,38815916,NA
ARG,Argentina,2005,5067.65342293276,23.2458767338576,46198180131.0044,39216789,NA
ARG,Argentina,2006,5869.38028970204,23.0266946038115,53550250227.3909,39622115,NA
ARG,Argentina,2007,7185.25155147027,22.6627503115066,65162321195.025,40016763,NA
ARG,Argentina,2008,8944.1102657357,22.0609003826242,79762958392.3012,40424148,NA
ARG,Argentina,2009,8150.23527028221,19.5609850560818,65133480388.4946,40854831,NA
ARG,Argentina,2010,10260.1313108254,18.9338234053709,80208867995.7171,41288694,NA
ARG,Argentina,2011,12704.2831819684,18.4492091453155,97809980730.5834,41730660,NA
ARG,Argentina,2012,12949.717486654,16.2378594620246,88655850853.7721,42161721,NA
ARG,Argentina,2013,12963.675773326,14.6171733884386,80690471898.442,42582455,NA
ARG,Argentina,2014,12233.1444119186,14.4054785893756,75818867911.0825,43024071,NA
ARG,Argentina,2015,13679.6264980954,10.7056520504538,63671789068.8987,43477012,NA
ARG,Argentina,2016,12699.9623137756,12.5270951690009,69842604407.3878,43900313,NA
ARG,Argentina,2017,14532.5009308511,11.3202833596733,72860557902.7631,44288894,NA
ARG,Argentina,2018,11752.7998922979,14.4366857499034,75766598613.0197,44654882,34.2772237131003
ARG,Argentina,2019,9955.97478680428,17.9248783778462,80259482469.139,44973465,53.5483043492339
ARG,Argentina,2020,8535.59938004389,16.6054144372484,64053810078.3073,45191965,42.0150947376509
ARG,Argentina,2021,10738.0179223384,18.0667091690365,87906118244.6601,45312281,48.4093786255199
ARG,Argentina,2022,13962.1894087223,16.2816677253254,103224756800.251,45407904,72.430757531824
ARG,Argentina,2023,14261.8465667948,12.8223120961047,83276004574.7551,45538401,133.488935594175
ARG,Argentina,2024,13969.7836603737,15.2497485928824,97349127043.1651,45696159,219.883929014578
ARG,Argentina,2025,14898.0885943842,15.5556611218587,106260393150.75,45851378,NA
BRA,Brasil,1990,2581.14187449078,8.1972364845005,31556066666.6667,149143223,2947.732772483
BRA,Brasil,1991,2257.6092968885,8.67763659887868,29723863636.3636,151724256,432.786661926461
BRA,Brasil,1992,2127.31642731638,10.8683116605935,35668919610.8551,154275079,951.962053052818
BRA,Brasil,1993,2348.88247685352,10.5032716554144,38682712856.2845,156794577,1927.38079016026
BRA,Brasil,1994,3298.71250747787,9.51307642702004,49978798948.0716,159265006,2075.88839757325
BRA,Brasil,1995,4756.74840785403,7.52887503847073,57922124038.4584,161735073,66.0070335542481
BRA,Brasil,1996,5179.13052002464,6.73020968312685,57235482141.0805,164202549,15.7576656002606
BRA,Brasil,1997,5299.39630404412,6.98364957530895,61680024619.8487,166661659,6.92671251629154
BRA,Brasil,1998,5105.89099544117,7.03050033871807,60723187855.068,169159655,3.19507629280052
BRA,Brasil,1999,3493.57162513699,9.5648982609794,57355149556.2405,171641543,4.85844749902667
BRA,Brasil,2000,3766.54811466032,10.1880480043795,66777380518.3383,174018282,7.04414105947266
BRA,Brasil,2001,3176.28935747524,12.37171066993,69279555096.2874,176301203,6.84035902487523
BRA,Brasil,2002,2855.94018885769,14.2305902713775,72546876638.2809,178503484,8.45016437708331
BRA,Brasil,2003,3090.6070097455,15.1807837086861,84744257516.308,180622688,14.7149197228147
BRA,Brasil,2004,3663.823188064,16.5457615119353,110739032053.055,182675143,6.59718509985963
BRA,Brasil,2005,4827.78173074714,15.2438292665623,135919140236.363,184688101,6.86953720898964
BRA,Brasil,2006,5934.14470924968,14.3743163038801,159213742531.583,186653106,4.18356812896909
BRA,Brasil,2007,7409.69130673473,13.3276751040789,186202879575.236,188552320,3.64127299102652
BRA,Brasil,2008,8908.33176538648,13.5340005128387,229517035697.556,190367302,5.67859390284168
BRA,Brasil,2009,8678.6592244676,10.8513711347491,180891970353.521,192079951,4.88803479876799
BRA,Brasil,2010,11403.2821278747,10.8655847752557,240003137741.747,193701929,5.03872690108075
BRA,Brasil,2011,13396.6243562986,11.5825126785455,303016626325.823,195284734,6.6364496221309
BRA,Brasil,2012,12521.7213519966,11.8775390704316,292808395453.514,196876111,5.40349914036997
BRA,Brasil,2013,12458.8912138813,11.7422306460189,290364173324.942,198478299,6.20431066640101
BRA,Brasil,2014,12274.9939689363,11.0119428190539,270458130850.098,200085127,6.32904015516139
BRA,Brasil,2015,8936.19661712113,12.900191418386,232488824444.589,201675532,9.02990102416136
BRA,Brasil,2016,8836.28652735657,12.4666790429968,223863343103.297,203218114,8.73914352329393
BRA,Brasil,2017,10080.5092819305,12.5189678698768,258330777006.501,204703445,3.44637335032669
BRA,Brasil,2018,9300.66164923219,14.6349994955075,280543266303.121,206107261,3.66485028376729
BRA,Brasil,2019,9029.83326681073,14.1229191913178,264562979421.068,207455459,3.73297621216894
BRA,Brasil,2020,7074.19378337644,16.4535520094071,242872071018.291,208660842,3.21176803803376
BRA,Brasil,2021,7972.5366498646,19.1094303688709,319251201403.084,209550294,8.30165975585673
BRA,Brasil,2022,9281.33334441234,19.6307650034371,383177602116.201,210306415,9.28010608956873
BRA,Brasil,2023,10377.5892792557,17.9693243032741,393731572887.926,211140729,4.59356282283204
BRA,Brasil,2024,10310.5486973693,17.9385794398559,392105346047.039,211998573,4.36746407652337
BRA,Brasil,2025,10713.2856869511,17.8207228961707,406298241937.141,212812405,5.01675279604836
CAN,Canadá,1990,21525.8611387148,25.0742989585924,149461775797.052,27691138,4.78047693336304
CAN,Canadá,1991,21846.7930471354,24.3533165282791,149170812603.648,28037420,5.62586408593005
CAN,Canadá,1992,20950.3305287651,26.1991325601724,155724331926.864,28371264,1.49013290374545
CAN,Canadá,1993,20186.7988782965,29.1425993625483,168751259592.28,28684764,1.86507936507939
CAN,Canadá,1994,19997.6237373354,32.781588237968,190114967779.731,29000663,0.165562913907291
CAN,Canadá,1995,20679.634792669,36.0980542819385,218740163217.721,29302311,2.14876033057849
CAN,Canadá,1996,21296.9723536904,37.0984399314286,233945727906.124,29610218,1.57053112507138
CAN,Canadá,1997,21901.5870048928,38.1329281417053,249765997399.971,29905948,1.62121638084531
CAN,Canadá,1998,21024.5627149423,40.0292173202997,253784967981.126,30155173,0.99594245665802
CAN,Canadá,1999,22315.3130930482,41.8610604016192,283991384532.544,30401286,1.73484295105918
CAN,Canadá,2000,24271.0020563821,44.209235821106,329258635782.102,30685730,2.71943995691976
CAN,Canadá,2001,23822.096210932,42.0399550909321,310667613636.364,31020855,2.52512013979906
CAN,Canadá,2002,24256.0598742201,40.0585914756691,304705919836.87,31359199,2.25839440940855
CAN,Canadá,2003,28301.9097055898,36.8659264359901,330149882235.386,31642461,2.75856321360112
CAN,Canadá,2004,32145.5653280273,37.3277433603474,383240584166.026,31938807,1.85725871857256
CAN,Canadá,2005,36383.9671341396,36.8563962056437,432369202838.752,32242732,2.21355203439767
CAN,Canadá,2006,40504.8490329826,35.4017495610061,467052186177.715,32571193,2.00202539534161
CAN,Canadá,2007,44660.0838892281,34.229555163977,502770691741.923,32888886,2.13838399266837
CAN,Canadá,2008,46710.3654423328,34.3949225246885,534150890346.767,33247298,2.37027067444299
CAN,Canadá,2009,40874.9612318547,28.5157798740818,391985828011.548,33630069,0.299466803009299
CAN,Canadá,2010,47560.8378831258,29.1672768917177,471736717163.276,34005902,1.77687154092627
CAN,Canadá,2011,52224.1237767406,30.678236283533,550163771962.44,34339221,2.91213508872351
CAN,Canadá,2012,52670.1429540952,30.3531418051027,554964544782.69,34713395,1.51567823124517
CAN,Canadá,2013,52637.7313222622,30.3321619042863,560108797442.998,35080992,0.938291897815317
CAN,Canadá,2014,50960.8942086685,31.7365440556138,573083180253.852,35434066,1.90663590717861
CAN,Canadá,2015,43594.2379080706,31.8499289605736,495747450357.728,35704498,1.12524136094277
CAN,Canadá,2016,42314.1033623905,31.5025413039024,481357649980.237,36110803,1.42875954701085
CAN,Canadá,2017,45129.7335281051,31.4543366815438,518766780219.71,36545075,1.59688412852977
CAN,Canadá,2018,46539.2177903178,32.3253748086707,557719627178.031,37072620,2.26822567248103
CAN,Canadá,2019,46352.9695208927,32.3526259007732,564142104614.779,37618495,1.94926902411593
CAN,Canadá,2020,43537.8981198851,29.47360741517,487990676642.934,38028638,0.716999632307827
CAN,Canadá,2021,52886.6407813788,31.1750905922479,630478158309.719,38239864,3.39519318527528
CAN,Canadá,2022,56496.9275340663,33.7212083293036,742056361162.595,38950132,6.80280115341613
CAN,Canadá,2023,54847.5370112652,33.3416520498948,732380673864.391,40049088,3.87900159788426
CAN,Canadá,2024,55015.7066917734,32.4691150314085,737073649328.937,41262329,2.38158383281173
CAN,Canadá,2025,55697.6639660837,31.3323868147182,726879970410.257,41651653,2.07232411149103
CHL,Chile,1990,2487.76829657299,32.2119449244153,10767995923.0111,13437176,26.0364811362364
CHL,Chile,1991,2798.34262413795,30.9848794845346,11846241658.8232,13662491,21.7844124277757
CHL,Chile,1992,3351.84108855522,28.5950704800945,13307830022.0147,13884577,15.4258064688928
CHL,Chile,1993,3540.91377313015,25.5450555023598,12755908986.3914,14102276,12.7277669490964
CHL,Chile,1994,4012.10159912285,27.2530179794726,15653663028.8681,14316256,11.4431196444973
CHL,Chile,1995,5081.4682771561,28.4806033041148,21024502601.4987,14527381,8.23263034116114
CHL,Chile,1996,5333.50438729711,25.9504471585508,20392925081.7721,14734046,7.35911781788767
CHL,Chile,1997,5741.95842989596,25.8780061517668,22188168722.1069,14932434,6.13386464357927
CHL,Chile,1998,5419.82417297191,25.1435824160666,20615225914.3172,15127799,5.11024954517559
CHL,Chile,1999,4933.55581516755,28.3091122404956,21395654974.7603,15319313,3.33687917526023
CHL,Chile,2000,5052.99245766325,30.1237545610247,23598874231.0223,15503635,3.84327295706565
CHL,Chile,2001,4563.5952986689,31.8473112100134,22794630055.8861,15683849,3.56910053001467
CHL,Chile,2002,4430.84741157984,32.2572216653296,22665229049.6617,15857925,2.48939816650705
CHL,Chile,2003,4773.40177520754,35.0609735492762,26819043116.1631,16024752,2.8101787574361
CHL,Chile,2004,6120.59152055344,39.6857497510041,39319047777.4783,16187322,1.05473871403517
CHL,Chile,2005,7480.32330998636,40.1755713149739,49132371504.0759,16348778,3.05257621387849
CHL,Chile,2006,9318.65655296121,43.8656741327676,67484496355.2165,16509195,3.39201733699405
CHL,Chile,2007,10346.4138184533,45.1298514125536,77844966313.9972,16671581,4.40779938398044
CHL,Chile,2008,10683.2188772511,41.1625609327669,74049222065.6925,16838988,8.71626873039607
CHL,Chile,2009,10098.8017167286,37.1156346662754,63756458032.9614,17009731,0.353045178360937
CHL,Chile,2010,12632.8704724192,37.903993986295,82271077296.9547,17181464,1.41071107954321
CHL,Chile,2011,14487.3927832032,37.6897797617714,94745538460.0718,17351816,3.34121694259302
CHL,Chile,2012,15241.9069981119,33.845591494963,90376117070.8143,17519119,3.00744840213047
CHL,Chile,2013,15683.5486369155,32.0874628670083,89009023665.991,17687006,1.7895555398459
CHL,Chile,2014,14529.6767206336,33.0039028305543,85665253039.2036,17864195,4.71867527854672
CHL,Chile,2015,13433.9202987032,29.1910790733686,70773875084.2569,18047625,4.34877353217044
CHL,Chile,2016,13649.8520452803,27.9231577302995,69624959647.1384,18267221,3.78619355893118
CHL,Chile,2017,14879.9086227187,28.3313768888156,78238304189.7642,18558868,2.18271846868519
CHL,Chile,2018,15659.4808675628,28.5290452274717,84405337954.8003,18893191,2.43488981353057
CHL,Chile,2019,14496.9345640362,27.8723266080413,77571036969.0353,19197744,2.55754475703327
CHL,Chile,2020,13117.9930230086,31.3228006627665,79592398711.3847,19370624,3.04549084804326
CHL,Chile,2021,16216.1840860289,31.974345622206,100881456526.221,19456334,4.52456838259144
CHL,Chile,2022,15399.1044717559,35.6216861605322,107256627766.463,19553036,11.643866711056
CHL,Chile,2023,17081.5180740049,30.7750617433637,103343502222.414,19658835,7.58168251407962
CHL,Chile,2024,16658.9652720351,33.7320704435058,111066428901.988,19764771,4.29763891572524
CHL,Chile,2025,17994.5911957485,34.5635609348334,123520198503.178,19859921,4.21293601694293
CHN,China,1990,318.50335359039,13.5882641172526,49129758920,1135185000,3.05229012075233
CHN,China,1991,334.130288119078,14.4450323111337,55542659170,1150780000,3.55668565220452
CHN,China,1992,367.822651903542,15.6002410213269,66847400129,1164970000,6.35398134024869
CHN,China,1993,378.939353053314,16.6339975209836,74280328750,1178440000,14.6100786356602
CHN,China,1994,475.677874448369,18.4515778259707,104607445198,1191835000,24.2569897243361
CHN,China,1995,612.680277898627,17.8624291729756,131858826000,1204855000,16.7912268492666
CHN,China,1996,713.337387811657,17.8247104643429,154811877000.001,1217550000,8.3131587270211
CHN,China,1997,786.743548510999,19.3692945938508,187447040000,1230075000,2.78646505531882
CHN,China,1998,835.095348597432,18.1992267514817,188750394176,1241935000,-0.773186011549318
CHN,China,1999,881.146614068925,18.0006905864312,198699399635,1252735000,-1.40147268276465
CHN,China,2000,969.199513696287,20.681599363293,253092089737,1262645000,0.347811226864587
CHN,China,2001,1065.40597574519,20.0776873829946,272060010515.89,1271850000,0.719125609120114
CHN,China,2002,1163.55957673426,22.3518233715808,333002310923.451,1280400000,-0.731970902350244
CHN,China,2003,1306.97245408557,26.6023738514511,447958253781.62,1288400000,1.12760348729637
CHN,China,2004,1530.92726215723,30.6097162464404,607356934124.72,1296075000,3.82463743108159
CHN,China,2005,1777.64496828464,33.3687977498922,773339005396.99,1303720000,1.77641407667571
CHN,China,2006,2129.25696999613,35.5268468681701,991731387760.501,1311020000,1.6494309945586
CHN,China,2007,2734.72709877693,34.9066956194649,1258056795940.68,1317885000,4.81676767378834
CHN,China,2008,3523.44302065213,32.092513602143,1497868782939.59,1324655000,5.92525137041092
CHN,China,2009,3898.24459158811,24.3307718125403,1262664161019.72,1331260000,-0.728165250932898
CHN,China,2010,4629.24551710077,26.7227451502469,1654823329663.86,1337705000,3.17532475269199
CHN,China,2011,5703.76027973346,26.1518828948759,2006308960976.47,1345035000,5.55389892257493
CHN,China,2012,6405.0574241349,25.07670432956,2175069254663.85,1354190000,2.61952432645541
CHN,China,2013,7147.03518622344,24.1633430905854,2354264539609.2,1363240000,2.62105001748115
CHN,China,2014,7781.06597484974,23.0719766947263,2462825804851.16,1371860000,1.92164162788521
CHN,China,2015,8175.33285077393,20.9390642234326,2362097053274.6,1379860000,1.43702380935655
CHN,China,2016,8254.86859320357,19.2036507365412,2199974853570.14,1387790000,2.00000182191943
CHN,China,2017,8979.67652709856,19.3356301657728,2424216052098.35,1396215000,1.59313600071436
CHN,China,2018,10085.6638148819,18.770519802938,2655609176087.45,1402760000,2.07479039965576
CHN,China,2019,10342.9009524335,18.1398222864053,2641188436776.47,1407745000,2.89923416358227
CHN,China,2020,10627.4637989619,18.2696013805051,2739785089628.44,1411100000,2.41942189457782
CHN,China,2021,12887.4357242941,19.4350556514909,3537510275663.96,1412360000,0.981015135544882
CHN,China,2022,12970.6056414327,20.227756033041,3705070541732.88,1412175000,1.97357555739051
CHN,China,2023,12951.1782397043,19.4023091648376,3544871083631.02,1410710000,0.234836828893051
CHN,China,2024,13293.1162269366,20.4428283665891,3828873971971.62,1408975000,0.218128938439177
CHN,China,2025,13861.970224368,21.0711983566772,4108470555117.51,1406585000,0.0595646916565403
COL,Colombia,1990,1474.8455285342,18.8626690286416,9024672480.38864,32440069,29.1520245976215
COL,Colombia,1991,1485.73971889208,19.0945389024404,9389847563.38362,33098372,30.3878204854436
COL,Colombia,1992,1730.39091795329,16.5185546953654,9649972062.93192,33760571,27.0106266231361
COL,Colombia,1993,1929.26721811738,15.1844952854784,10089611942.598,34441473,22.4424828533275
COL,Colombia,1994,2325.91872973374,14.9983618345688,12254186688.3985,35127410,22.8462417553045
COL,Colombia,1995,2583.66576349858,14.5337428892103,13444770139.3343,35804662,20.8917930194849
COL,Colombia,1996,2664.64056059983,15.199461701397,14767813598.716,36462745,20.7975755127402
COL,Colombia,1997,2873.2814350993,14.8415437434707,15829917576.649,37121149,18.4700217119089
COL,Colombia,1998,2604.87166959518,15.0073508369912,14773797430.026,37792165,18.6769799276672
COL,Colombia,1999,2241.22911801216,18.3465787501541,15812211474.8338,38454863,10.8736870857471
COL,Colombia,2000,2555.00751039968,15.915139715438,15895257719.3545,39089934,9.22534818585366
COL,Colombia,2001,2472.99084035833,15.3871357665009,15110265985.5399,39709262,7.96556090304834
COL,Colombia,2002,2428.92969771584,14.8155696775272,14511230142.0322,40324680,6.35150728778872
COL,Colombia,2003,2311.94218760291,16.5752997117627,15687687299.8944,40937429,7.1297886294186
COL,Colombia,2004,2818.57195413044,16.7707514248023,19637278136.3897,41543171,5.90402005546502
COL,Colombia,2005,3456.06610874512,16.9710437391629,24709929563.8536,42128977,5.05101962689696
COL,Colombia,2006,3789.85361217027,17.7285877506525,28683606693.826,42691084,4.29342363628927
COL,Colombia,2007,4769.926147194,16.4331421263646,33889993566.9701,43235374,5.54438485815156
COL,Colombia,2008,5541.83629665898,18.1095951350739,43916519836.3982,43758808,6.99688495554511
COL,Colombia,2009,5250.97292433518,16.4244956875755,38181805547.3998,44271541,4.20251661216482
COL,Colombia,2010,6398.2958447102,16.3408447597691,46816280695.4722,44777319,2.27200227892008
COL,Colombia,2011,7400.9940695669,19.2765050733171,64569763969.5584,45259614,3.4150334477625
COL,Colombia,2012,8108.59838244229,18.8112052836654,69731471881.4892,45715810,3.16930188840055
COL,Colombia,2013,8279.10255642981,18.0864397214368,69107146201.365,46151584,2.01699224310383
COL,Colombia,2014,8187.20824890084,16.6347491096509,63418461300.1317,46565429,2.89883787761738
COL,Colombia,2015,6248.51490534512,15.6502115094968,45932176699.4658,46969940,4.9898311584953
COL,Colombia,2016,5959.84250367574,14.7171392781975,41608310926.5839,47437512,7.51346024627675
COL,Colombia,2017,6479.53231292429,15.1452897484005,47233141871.792,48131078,4.31431325695011
COL,Colombia,2018,6816.96818309544,15.8997196775431,53136579844.9701,49024465,3.24056932930569
COL,Colombia,2019,6472.54544924705,15.8680386541241,51258795210.3544,49907985,3.52301932741447
COL,Colombia,2020,5339.68711357943,13.5222755593302,36557247848.5389,50629997,2.52663500084706
COL,Colombia,2021,6222.62164397614,16.1970059548864,51591453811.2973,51188173,3.49505757399448
COL,Colombia,2022,6680.44506854481,20.3883679938331,70468824548.812,51737944,10.1772313546166
COL,Colombia,2023,7012.49169137756,17.8077746975806,65337018068.8426,52321152,11.7359044948689
COL,Colombia,2024,7951.08624019412,16.0804545104347,67618959764.1375,52886363,6.60908593728228
COL,Colombia,2025,8561.62091854449,14.9840475310756,68538536936.8153,53425635,5.14222911946201
KOR,Corea del Sur,1990,6812.9019416767,24.1685799511012,70587774854.9588,42869283,8.57327225728677
KOR,Corea del Sur,1991,7872.65052449111,22.9875474516622,78353503011.4407,43295704,9.33279048161495
KOR,Corea del Sur,1992,8387.16308258471,23.2612780314303,85350581847.8633,43747962,6.21328146355184
KOR,Corea del Sur,1993,9179.96872485152,22.8587756465728,92739264963.918,44194628,4.80099660215354
KOR,Corea del Sur,1994,10733.9888860657,23.5069868149485,112641201186.191,44641540,6.26585950039679
KOR,Corea del Sur,1995,13001.7205867019,25.0908528792617,147104275488.339,45092991,4.48074108557248
KOR,Corea del Sur,1996,13864.9376534518,24.1509711908027,152440172723.513,45524681,4.92454354292754
KOR,Corea del Sur,1997,12821.6893313675,27.4728903732725,161870964161.056,45953580,4.4389318457463
KOR,Corea del Sur,1998,8583.43557499234,38.2368909900718,151914103576.708,46286503,7.51358008079307
KOR,Corea del Sur,1999,11062.5019301357,31.5122613381554,162507811338.788,46616677,0.81295725444637
KOR,Corea del Sur,2000,12710.2995795579,32.8643016483147,196359987002.164,47008111,2.25916580080157
KOR,Corea del Sur,2001,11981.4828218758,30.8628730280238,175166805500.193,47370164,4.06657587897792
KOR,Corea del Sur,2002,13642.9424537101,28.869081069037,187653181633.942,47644736,2.76226210296599
KOR,Corea del Sur,2003,15211.5483770422,30.4447497818826,221795023926.368,47892330,3.51487451459939
KOR,Corea del Sur,2004,17121.6301633201,35.6099304973786,293159147249.081,48082519,3.59066298882578
KOR,Corea del Sur,2005,20167.0474902506,34.1271966602876,331627733440.925,48184561,2.75379162735039
KOR,Corea del Sur,2006,22609.7059431449,34.4457182771661,377241080634.967,48438292,2.24234028518921
KOR,Corea del Sur,2007,25078.4853957105,36.0414909532161,440034853640.644,48683638,2.53457382137932
KOR,Corea del Sur,2008,22252.3125108061,45.8471508377288,500458646625.411,49054708,4.67389655533408
KOR,Corea del Sur,2009,19937.3029137734,43.5106195264818,427737777325.304,49307835,2.7564965449393
KOR,Corea del Sur,2010,24071.2620526362,45.2718606886955,540016342977.708,49554112,2.93928652655686
KOR,Corea del Sur,2011,26175.2398553363,51.2813207677942,670299926919.72,49936638,4.0259650043609
KOR,Corea del Sur,2012,26600.5477433903,52.0235312085188,694692887431.358,50199853,2.18707104433314
KOR,Corea del Sur,2013,28449.3591104972,49.2338591040691,706343252061.106,50428893,1.30134754547413
KOR,Corea del Sur,2014,30667.0912467447,45.7876203673052,712570950951.712,50746659,1.27477446401322
KOR,Corea del Sur,2015,30171.7906545222,40.9681314540182,630586518885.63,51014947,0.70633177245575
KOR,Corea del Sur,2016,30832.0628072516,38.1129875583911,601861440813.944,51217803,0.971685739912168
KOR,Corea del Sur,2017,33296.9845439195,38.8488899920532,664392456663.161,51361911,1.94433230786366
KOR,Corea del Sur,2018,35363.9508228687,39.4523497931837,719710064860.371,51585058,1.47583935002645
KOR,Corea del Sur,2019,33826.9443301597,37.0413266370488,648610576582.722,51764822,0.383000303608136
KOR,Corea del Sur,2020,33645.7719545073,34.6152001987888,603713417774.2,51836239,0.537288023411737
KOR,Corea del Sur,2021,37518.4635305697,39.3388192669479,764083221345.796,51769539,2.49833333333339
KOR,Corea del Sur,2022,34822.4048404971,45.294860984133,815019022384.453,51672569,5.08951365062842
KOR,Corea del Sur,2023,35674.095995632,41.3214807367697,762299062736.35,51712619,3.5974562502901
KOR,Corea del Sur,2024,36238.639908315,44.3582383593234,831889172091.318,51751065,2.32174328643542
KOR,Corea del Sur,2025,36226.9663637512,45.7630385215931,856855674924.231,51684564,2.12309421458659
CRI,Costa Rica,1990,1829.6687089559,34.1902683361643,1952841380.81713,3121706,19.0397526635649
CRI,Costa Rica,1991,2253.3819611182,33.4061071681073,2410493038.49304,3202176,28.7092913706618
CRI,Costa Rica,1992,2612.38762395528,35.2817505483681,3027087740.20557,3284258,21.791168790061
CRI,Costa Rica,1993,2840.38709085425,36.0372233840502,3446894130.86212,3367434,9.77860078293777
CRI,Costa Rica,1994,3039.56331706225,35.8846600988984,3764266335.49866,3451122,13.5344687273427
CRI,Costa Rica,1995,3275.25258510331,38.129215151633304,4414827144.6863,3535176,23.1864981102567
CRI,Costa Rica,1996,3226.96401664833,40.0119906390072,4672770208.46372,3619013,17.5114524814591
CRI,Costa Rica,1997,3407.77611260904,41.6090689095827,5248818572.65692,3701711,13.2480440791191
CRI,Costa Rica,1998,3617.45758013205,43.962841620481,6015987791.12718,3782838,11.6592997742233
CRI,Costa Rica,1999,3690.9615476017,42.5578652733022,6066566788.01456,3862101,10.0452817292494
CRI,Costa Rica,2000,3812.75386183689,42.9303224591994,6445399591.1613,3937739,10.9615496593622
CRI,Costa Rica,2001,3985.12987980056,40.5085719500705,6471720132.57518,4008947,11.2556157091172
CRI,Costa Rica,2002,4067.71854177094,39.2245350275681,6502965371.57468,4075705,9.16752048509119
CRI,Costa Rica,2003,4173.14853766977,40.6717129761414,7024720814.72934,4138784,9.44758091616984
CRI,Costa Rica,2004,4431.01172024063,42.2076544521738,7855095563.21787,4200078,12.3148150178852
CRI,Costa Rica,2005,4703.00720463794,43.464522824224,8710569599.06253,4261240,13.7982949108987
CRI,Costa Rica,2006,5256.59641275583,43.3140350907406,9839017114.91442,4321340,11.4705968149052
CRI,Costa Rica,2007,6137.71199435022,40.5821371736585,10910386111.8621,4380248,9.35724456417157
CRI,Costa Rica,2008,6937.24261660254,38.8064601026245,11953067157.2637,4440056,13.4244635507284
CRI,Costa Rica,2009,6832.69828187486,34.6323048229081,10647949473.6709,4499791,7.84270167700654
CRI,Costa Rica,2010,8265.78820580299,32.8294112720049,12363102243.0143,4555962,5.66275708420021
CRI,Costa Rica,2011,9276.39109377477,32.4724707460503,13886077251.5771,4609833,4.87799830970702
CRI,Costa Rica,2012,10126.9991155066,31.6513172644756,14949441129.2843,4663934,4.49545314354605
CRI,Costa Rica,2013,10803.2401795009,30.5916494074101,15586344042.1626,4716147,5.23133614174428
CRI,Costa Rica,2014,10911.4978703456,31.362915449766,16313862317.0245,4767119,4.51920098516954
CRI,Costa Rica,2015,11714.7106121672,29.9956579824958,16930125548.4428,4818038,0.801982005099623
CRI,Costa Rica,2016,12091.0301560892,31.2600961080703,18395634879.8269,4866998,-0.0174788505908217
CRI,Costa Rica,2017,12317.0902779911,32.7626831133763,19826679944.9507,4913177,1.62590692991732
CRI,Costa Rica,2018,12620.0207321581,33.6589195458941,21059634001.5172,4957818,2.22111461526581
CRI,Costa Rica,2019,12951.8588421841,34.1472985859666,22111572605.0372,4999553,2.09604635327807
CRI,Costa Rica,2020,12475.6852076814,31.6977144131717,19908254023.667,5034320,0.724911478131376
CRI,Costa Rica,2021,12962.2716075659,35.8298587276824,23500424108.3769,5059988,1.72647755109241
CRI,Costa Rica,2022,13971.7649991294,40.5888104743828,28818553202.073,5081765,8.27477490232654
CRI,Costa Rica,2023,17140.771430122,38.0957487081207,33338594300.6173,5105525,0.525193508693455
CRI,Costa Rica,2024,18853.2828705886,37.5298397915012,36297226370.6152,5129910,-0.412853001047069
CRI,Costa Rica,2025,19970.0989059622,38.8499059117269,39978465048.217,5152950,-0.073671440596217
ESP,España,1990,13795.0159385128,15.7529433364548,84463395364.0222,38867322,6.72181952228664
ESP,España,1991,14801.3226152172,15.7889291507891,91063265012.0096,38966376,5.9342134433593
ESP,España,1992,16100.6799428032,16.2165223074424,102239554688.77,39157685,5.92453126228488
ESP,España,1993,13330.3798192211,17.7405839827945,93084945744.5418,39361262,4.56907173681805
ESP,España,1994,13405.704414883,20.3474893800026,107879062228.295,39549108,4.71841373967333
ESP,España,1995,15460.9110266653,21.866166658338,134295436349.079,39724050,4.67380337624701
ESP,España,1996,16100.6215831114,23.0731000969432,148187311178.248,39889852,3.55884559338561
ESP,España,1997,14722.3717633536,25.7160804746315,151657954545.455,40057389,1.97107395582926
ESP,España,1998,15382.3348573373,26.1498778707572,161797527564.317,40223509,1.83432999908414
ESP,España,1999,15707.9473068138,26.389770883103,167415361761.776,40386875,2.31034813987063
ESP,España,2000,14743.2671031455,28.5889225704133,170991162037.647,40567864,3.43351563418764
ESP,España,2001,15368.2337984435,27.8768485415674,175010487832.677,40850412,3.58983413338117
ESP,España,2002,17111.0685058941,26.5642672698948,188324245463.53,41431558,3.06565685902211
ESP,España,2003,21522.0170990262,25.6155917093049,232580150552.156,42187645,3.03888839396661
ESP,España,2004,24925.0267844576,25.3882582473993,271611046439.383,42921895,3.03924881090924
ESP,España,2005,26450.9530130382,24.940578932511,287980772158.755,43653155,3.36881409750383
ESP,España,2006,28421.686527407,25.183486968843,317776995049.411,44397319,3.51557576832123
ESP,España,2007,32652.015594702,25.9230971257706,382818371650.197,45226803,2.7867974580495
ESP,España,2008,35603.248328071,25.5478087649402,417991645729.687,45954106,4.0753433595734
ESP,España,2009,32279.8208476151,22.9853959496361,343996583489.453,46362946,-0.287813083535241
ESP,España,2010,30658.7422282912,25.8278133398939,368818353816.667,46576897,1.79986457728769
ESP,España,2011,31824.6219134777,29.3884101095734,437172778239.3,46742697,3.19610188833792
ESP,España,2012,28456.4438151477,31.2997362842724,416597866010.156,46773055,2.44612782366809
ESP,España,2013,29228.846559842,32.7554570166099,446190552100.786,46604197,1.40858109183009
ESP,España,2014,29707.765509467,33.2193399291014,458508132691.763,46460733,-0.151114837527235
ESP,España,2015,25982.4416197775,33.2986849561039,401637009328.906,46422303,-0.500365709903243
ESP,España,2016,26755.6061149398,33.5770329849408,417367780824.515,46458139,-0.202598000426358
ESP,España,2017,28381.3425596906,34.9003952055684,461297400643.53,46571232,1.95607633363954
ESP,España,2018,30602.4212881113,34.874813986254,499282766700.392,46782011,1.67498136863799
ESP,España,2019,29786.5245689007,34.6755629292261,486670273121.568,47118501,0.699518994458648
ESP,España,2020,27233.942646160802,30.4810248544563,393139331915.954,47359424,-0.322753017299649
ESP,España,2021,30799.4775937775,33.7570843255301,493273673720.922,47443821,3.09313511976402
ESP,España,2022,30319.4987196616,39.6716824276836,574783432054.477,47786102,8.39057634118637
ESP,España,2023,33493.2225409111,37.8166476493913,612433794394.128,48352528,3.53236133492433
ESP,España,2024,35326.7683069278,37.0558792721708,639462804274.219,48848840,2.747147886618
ESP,España,2025,38627.2472148623,36.6374813887545,698476476631.372,49355143,2.699932857627
USA,Estados Unidos,1990,23888.6000088133,9.25473206751338,551873000000,249623000,5.39795643990325
USA,Estados Unidos,1991,24342.2589048189,9.66090512231881,594931000000,252981000,4.2349639645384904
USA,Estados Unidos,1992,25418.9907763319,9.70891490564814,633053000000,256514000,3.02881967814969
USA,Estados Unidos,1993,26387.2937338171,9.54718039168286,654799000000,259919000,2.95165696638559
USA,Estados Unidos,1994,27694.853416234,9.89314741556332,720937000000,263126000,2.60744159215453
USA,Estados Unidos,1995,28690.8757013347,10.639223880261,812810000000,266278000,2.80541968853662
USA,Estados Unidos,1996,29967.7127181749,10.7466355642836,867589000000,269394000,2.93120419993441
USA,Estados Unidos,1997,31459.1299691554,11.1197577117574,953803000000,272657000,2.33768993730735
USA,Estados Unidos,1998,32853.6725949234,10.5152625281963,952979000000,275854000,1.55227909874364
USA,Estados Unidos,1999,34515.3813073394,10.3093372229257,992910000000,279040000,2.18802719697358
USA,Estados Unidos,2000,36329.9702595751,10.6927727297913,1096111000000,282162411,3.37685727149929
USA,Estados Unidos,2001,37133.6203973517,9.70344820873397,1026812000000,284968955,2.82617111885407
USA,Estados Unidos,2002,37997.7424300242,9.13138565379718,997979000000,287625193,1.58603162650601
USA,Estados Unidos,2003,39490.3023903176,9.03565240541354,1035165000000,290107933,2.27009497336115
USA,Estados Unidos,2004,41724.6411982614,9.62874787307988,1176363000000,292805298,2.67723669309172
USA,Estados Unidos,2005,44123.3996470026,9.98205641037558,1301580000000,295516599,3.3927468454955
USA,Estados Unidos,2006,46301.9876485519,10.641389509223,1470170000000,298379912,3.22594410070404
USA,Estados Unidos,2007,48050.227412195,11.4637892950146,1659295000000,301231207,2.85267248150138
USA,Estados Unidos,2008,48570.0594269601,12.4258439246081,1835280000000,304093966,3.839100296651
USA,Estados Unidos,2009,47194.9500893872,10.9322190593537,1582774000000,306771529,-0.355546266299747
USA,Estados Unidos,2010,48642.6312088213,12.3413554322086,1857247000000,309378227,1.6400434423899
USA,Estados Unidos,2011,50024.8812320773,13.5634637825829,2115864000000,311839461,3.156841568622
USA,Estados Unidos,2012,51708.3940614082,13.6440512687054,2217700000000,314339099,2.06933726526067
USA,Estados Unidos,2013,53297.3862901595,13.5534918818154,2287922000000,316726282,1.46483265562717
USA,Estados Unidos,2014,55153.3940182967,13.5082142132235,2378545000000,319257560,1.62222297740817
USA,Estados Unidos,2015,56849.4697923159,12.4111486301271,2270622000000,321815121,0.118627135552451
USA,Estados Unidos,2016,57976.628204291,11.8881592273253,2235558000000,324353340,1.26158320570536
USA,Estados Unidos,2017,60047.7190728307,12.177481026766,2388260000000,326608609,2.13011000365961
USA,Estados Unidos,2018,62875.6661382728,12.2871107596266,2538089000000,328529577,2.44258329692817
USA,Estados Unidos,2019,65227.9565911038,11.7891974097286,2539391000000,330226227,1.81221007526021
USA,Estados Unidos,2020,64465.2971415748,10.1230809550527,2163837000000,331578104,1.23358439630629
USA,Estados Unidos,2021,71441.2319805947,10.8266687797107,2568697000000,332100166,4.69785886363742
USA,Estados Unidos,2022,78008.6895811877,11.6540970440015,3036430000000,333996304,8.00279982052121
USA,Estados Unidos,2023,82586.7847707894,11.0506737190927,3073360000000,336755052,4.11633838374488
USA,Estados Unidos,2024,86169.6641581917,10.97469647515,3215368000000,340003797,2.94952520485207
USA,Estados Unidos,2025,90026.5163005744,NA,NA,341784857,NA
IND,India,1990,371.085936203765,7.05335023414457,22639774911.5525,864972221,8.97123250273255
IND,India,1991,305.574055928592,8.49424077053547,22943398073.2995,883927600,13.8702461773683
IND,India,1992,319.182472626315,8.84292692502088,25486029046.6975,902957070,11.7878170418134
IND,India,1993,302.884806246174,9.83421745486326,27466541462.9135,922118387,6.32689048779867
IND,India,1994,347.73421473994,9.8880849164454,32361214431.4321,941163767,10.2479355556119
IND,India,1995,375.17600537305,10.8439680350622,39068855117.8518,960301044,10.2248861637545
IND,India,1996,401.046754673579,10.3851692716063,40803004618.1754,979678458,8.97715233826453
IND,India,1997,416.228116203753,10.690717318379,44459225642.5392,999133762,7.16425211462721
IND,India,1998,413.630864056851,11.0184691793102,46426465025.0477,1018665080,13.2308389767977
IND,India,1999,441.927991436397,11.4520646128009,52544483402.6936,1038225823,4.6698203803759
IND,India,2000,442.750218937263,12.9972363113479,60878472821.2004,1057922733,4.0094359104519
IND,India,2001,450.357900514128,12.5583796339108,60963415576.6447,1077898575,3.77929312235637
IND,India,2002,469.149928973927,14.2643839243147,73452895951.6331,1097600380,4.29715203929562
IND,India,2003,544.143133545002,14.9479138581734,90838575243.7621,1116803006,3.80585899528853
IND,India,2004,624.258826510066,17.8591249630479,126648472020.752,1135991513,3.76725173477517
IND,India,2005,710.488080408949,19.6052466948335,160838260680.778,1154676322,4.24634362031924
IND,India,2006,801.668353659022,21.2679414221966,199973922363.783,1172878890,5.79652337561634
IND,India,2007,1021.88707706826,20.7996997489032,253077526013.168,1190676021,6.37288135593231
IND,India,2008,992.519584923828,24.0973572601391,288902044820.698,1207930964,8.34926704907575
IND,India,2009,1094.94974598436,20.4005193743564,273752124889.211,1225524753,10.8823529411764
IND,India,2010,1347.51939071367,22.4009332487945,375353514026.267,1243481564,11.9893899204245
IND,India,2011,1445.46127486037,24.5404113195713,447384417625.093,1261224954,8.9117933648336
IND,India,2012,1429.32199520032,24.534430661418,448400477361.254,1278674502,9.47899691419793
IND,India,2013,1432.84397512195,25.430861300519,472180271340.149,1295829511,10.0178784746104
IND,India,2014,1553.88396075118,22.9679630081172,468345815420.933,1312277191,6.66565671867899
IND,India,2015,1583.99815907985,19.8131891564045,416787940847.812,1328024498,4.90697344127249
IND,India,2016,1707.50892912243,19.1582349105946,439642578076.358,1343944296,4.94821634062134
IND,India,2017,1950.10468280866,18.7917648392982,498258808231.521,1359657400,3.32817337461305
IND,India,2018,1966.25455171679,19.9278285988562,538635186135.438,1374659064,3.93882646691643
IND,India,2019,2041.42863698585,18.664264897257,529245063167.215,1389030312,3.72950573539123
IND,India,2020,1907.04251637669,18.6824769296756,499728529072.629,1402617695,6.6234367762853
IND,India,2021,2239.61384367482,21.3991583305515,677769255428.552,1414203896,5.13140747176364
IND,India,2022,2279.98145719369,24.0401716365956,781290791563.827,1425423212,6.69903414079858
IND,India,2023,2434.44826340989,22.354801966733,782620610192.051,1438069596,5.64914318907925
IND,India,2024,2591.9916607122,22.0639816354399,829785193474.459,1450935791,4.95303550973661
IND,India,2025,2702.47987141553,22.2630410669804,880740846621.545,1463865525,2.39884954182294
JPN,Japón,1990,26344.7273187725,9.84282326180712,320186473746.914,123478000,3.0785162869516
JPN,Japón,1991,30048.1401766828,9.41785122890222,350804377213.606,123964000,3.25143848753308
JPN,Japón,1992,32666.5024513195,9.32198041178664,378894650114.132,124425000,1.7602830605927
JPN,Japón,1993,37110.6114371751,8.73007389886112,404418972317.798,124829000,1.24304589707924
JPN,Japón,1994,40774.4450809919,8.65751499352758,441885061609.779,125178000,0.695458057869004
JPN,Japón,1995,44947.4763611465,8.66938554832833,488922980748.377,125472000,-0.127899045020446
JPN,Japón,1996,39929.7185750327,9.13384321818787,458650604757.715,125757000,0.136600358575909
JPN,Japón,1997,36331.0311480645,10.18568815896,466482189982.883,126057000,1.74780458692133
JPN,Japón,1998,32835.1192750829,10.2438413853018,425156200703.868,126400000,0.661974191385911
JPN,Japón,1999,37028.7168989208,9.69470355290166,454583045085.983,126631000,-0.341296928327554
JPN,Japón,2000,39752.937397755,10.3098888690138,519863963884.546,126843000,-0.676578683595175
JPN,Japón,2001,34910.166403687,9.9313252815504,440830946383.947,127149000,-0.740055504162738
JPN,Japón,2002,33315.9165174962,10.6941179299116,454066577343.924,127445000,-0.923494026942321
JPN,Japón,2003,35808.6816792388,11.3307927134025,518203970379.571,127718000,-0.256541816316025
JPN,Japón,2004,38677.5708064787,12.6608085791759,625631972493.599,127761000,-0.00857338820310272
JPN,Japón,2005,38158.6758263963,13.6893610021266,667445122493.381,127773000,-0.282946068764391
JPN,Japón,2006,36354.4271646349,15.4991989877277,720411902737.162,127854000,0.249355116079085
JPN,Japón,2007,36129.9535132925,17.1190869291448,791701308241.369,128001000,0.060039454498669
JPN,Japón,2008,40294.2081309702,17.0550818459886,880075851760.119,128063000,1.3800788616492
JPN,Japón,2009,41678.1783063195,12.3084729966275,656874364781.057,128047000,-1.35283672951719
JPN,Japón,2010,45378.1378109399,14.7827379015469,859110359863.237,128070000,-0.728243207517779
JPN,Japón,2011,49122.077634247,14.6645262221087,920847566473.829,127833000,-0.27245561610124
JPN,Japón,2012,49626.6830327571,14.2739154583775,904081818094.558,127629000,-0.0440645104432602
JPN,Japón,2013,41369.1948479498,15.6037090812555,822673891615.076,127445000,0.335037912184741
JPN,Japón,2014,39172.8471161948,17.1078627742157,852957541825.285,127276000,2.75922671353253
JPN,Japón,2015,35664.6446110613,17.0921099786159,775031229090.987,127141000,0.795279630579839
JPN,Japón,2016,40214.9688631562,15.7223961123124,803470630550.066,127076000,-0.127258844489754
JPN,Japón,2017,39679.8635262948,17.2158253394418,867373157903.215,126972000,0.484199796126385
JPN,Japón,2018,40645.478086519,17.9111434788682,923192943803.364,126811000,0.989094598021848
JPN,Japón,2019,41424.8655601543,17.0377974181499,893761110034.084,126633000,0.46877615938395
JPN,Japón,2020,41098.9739004553,15.1286902986314,785057625362.297,126261000,-0.024995834027731
JPN,Japón,2021,41580.739040705,17.4619853799579,912551747360.225,125681593,-0.233352779398264
JPN,Japón,2022,35548.2645222433,20.647867347033,918412226913.945,125124989,2.49770278172255
JPN,Japón,2023,35215.003535366,21.0593101343597,923420059650.996,124516650,3.26813365933163
JPN,Japón,2024,33797.1014287876,21.9799093698461,920960002390.344,123975371,2.73853681635241
JPN,Japón,2025,35951.0449549304,NA,NA,123366734,3.17253034260248
MEX,México,1990,3154.46920349038,18.7044710491717,48866118134.8639,82820170,26.6516725646771
MEX,México,1991,3708.8420548157,16.4333900336044,51459461044.3177,84430572,22.662359455061
MEX,México,1992,4220.56643677057,15.256744442975,55406062493.8205,86044809,15.5078962533573
MEX,México,1993,6048.34840388099,11.59598468968,61477360984.9991,87653807,9.75146045357553
MEX,México,1994,6202.36588372862,12.7545957125272,70611769310.5158,89259205,6.96581237191123
MEX,México,1995,4183.87847727479,22.8659269211958,86926529245.2206,90862455,34.9992712889592
MEX,México,1996,4674.36792733681,24.7231319521416,106842978990.053,92452702,34.3783832235168
MEX,México,1997,5567.35599516667,23.2555721469271,121731183209.867,94021207,20.6256287259247
MEX,México,1998,5832.69342004468,23.221749395164,129452220228.41,95575245,15.9283950119353
MEX,México,1999,6499.97182950425,23.4168592490374,147818774071.958,97115707,16.5856169707538
MEX,México,2000,7524.0271380091,24.2311734681303,179810168051.425,98625552,9.49156149435403
MEX,México,2001,7952.76479510706,21.5412102050357,171481946818.046,100099099,6.36773806235037
MEX,México,2002,7983.03398381759,21.8517619236376,177144829751.745,101548624,5.03072733151295
MEX,México,2003,7434.07465031562,23.6555935033272,181095388468.59,102978515,4.54690012118718
MEX,México,2004,7849.66759649565,25.1033560080055,205711767188.403,104394131,4.68840884843143
MEX,México,2005,8671.75891798441,25.4870738310602,233862215738.603,105811504,3.98805714597437
MEX,México,2006,9512.63575346699,26.5547481705759,270928816792.948,107253666,3.62946762439132
MEX,México,2007,10134.3327129706,26.7810613301488,295222517228.833,108774360,3.96684905458235
MEX,México,2008,10523.7685427665,27.02006122825,313852456086.709,110374288,5.12498274575896
MEX,México,2009,8423.56933148639,26.5132697253683,250136106515.904,111999721,5.29735584228856
MEX,México,2010,9728.80078307432,29.0174601175767,320766037580.856,113623895,4.15672722680174
MEX,México,2011,10664.4944032313,30.4429662274867,374148226662.347,115243504,3.40737824605742
MEX,México,2012,10744.1335236186,31.5394503933211,395854929792.859,116818208,4.11150981070289
MEX,México,2013,11216.800851866,30.7558005807208,408263658323.619,118343573,3.80639069747204
MEX,México,2014,11391.3773503964,31.4629921982533,429314956761.169,119784261,4.01861608078679
MEX,México,2015,10021.2386113616,34.1627726891004,414495031033.993,121072306,2.72064064964023
MEX,México,2016,9097.92397674769,36.8156772514808,409476294705.042,122251351,2.8217078474766
MEX,México,2017,9649.27816729586,37.514088621552,446688309687.408,123400057,6.04145724018986
MEX,México,2018,10084.7937570364,39.0439304387032,490508969545.438,124573711,4.89935015356551
MEX,México,2019,10369.5553593527,38.5296507889335,502467566320.434,125762982,3.63596142127046
MEX,México,2020,8841.27074929751,39.2353720952982,439853932827.966,126799054,3.39683415570006
MEX,México,2021,10314.0506733708,40.5691931964594,534121610565.454,127648148,5.68920847683753
MEX,México,2022,11405.7940469896,42.9322902148243,629788673074.2,128613117,7.8962761916855
MEX,México,2023,13830.843848864,36.1479343675069,648642274776.945,129739759,5.52796087314389
MEX,México,2024,13988.0423745241,37.2836162309013,682472609894.051,130861007,4.72225588452932
MEX,México,2025,13889.2339628708,39.6453397926899,726556896246.645,131946900,3.80668650726485
PER,Perú,1990,1199.66666756615,15.697191461944,4145689007.3913,22014771,7481.66361124526
PER,Perú,1991,1527.38879472866,12.2023866654061,4190478467.66937,22483775,409.530166622023
PER,Perú,1992,1567.40910765128,12.51350576868,4500645313.49968,22946340,73.5282942442641
PER,Perú,1993,1487.67404314175,12.4506751041035,4336828766.77894,23413783,48.5799864468885
PER,Perú,1994,1879.36657757919,12.771482770164,5732107084.3198,23881493,23.7369050565046
PER,Perú,1995,2189.53431515311,12.5998852514905,6717350828.9742,24348919,11.1287029707089
PER,Perú,1996,2226.91682429265,13.3165199179977,7357698732.83625,24811171,11.5379424115177
PER,Perú,1997,2300.67200774461,14.4772602562861,8418168168.16817,25274147,8.56218948953653
PER,Perú,1998,2156.39377651613,13.7029018488677,7605311667.91835,25738095,7.24782175213469
PER,Perú,1999,1916.53397367908,15.3968880071118,7727286157.48264,26186504,3.46965996293019
PER,Perú,2000,1945.41338451698,16.7683737208169,8676752915.55632,26598331,3.75733833344474
PER,Perú,2001,1929.57273038846,16.6013795219337,8637724124.16978,26964601,1.97709878502053
PER,Perú,2002,2007.37019626753,17.2748078529874,9462717116.29758,27288217,0.193135003853722
PER,Perú,2003,2129.44114197634,19.0146669472489,11167509772.3615,27580490,2.25937753363072
PER,Perú,2004,2397.25147277714,22.91223375085,15298201417.7749,27852190,3.66247320092233
PER,Perú,2005,2706.66947297608,26.8487611117093,20421330421.3304,28101180,1.61630193862544
PER,Perú,2006,3129.55996496982,30.536636453521,27068649606.0588,28324491,2.00225801248819
PER,Perú,2007,3581.0893081917,31.5221165305465,32206455736.6571,28530699,1.77998644680372
PER,Perú,2008,4197.58444634142,29.7276302098838,35836836528.9313,28719041,5.78587598206755
PER,Perú,2009,4181.18755462253,26.4420527390278,31948077816.878,28896811,2.936231535967
PER,Perú,2010,5072.11494019615,27.8261641521747,41051280916.7736,29086019,1.52832059732901
PER,Perú,2011,5861.35793645245,30.5027597563889,52392070004.7202,29304086,3.36931095333853
PER,Perú,2012,6519.37852981527,27.4496143710972,52881688028.3714,29550366,3.61121294940163
PER,Perú,2013,6746.80025696601,24.8082994208508,49908231210.7151,29817919,2.76789666082002
PER,Perú,2014,6667.13410360861,22.6069703758151,45391688187.9957,30115826,3.41194579807465
PER,Perú,2015,6231.71150338894,21.2873252858958,40403976964.2314,30457600,3.39809194746308
PER,Perú,2016,6217.03599995447,22.6003137409908,43369573655.2395,30866494,3.55717663556279
PER,Perú,2017,6736.16693725487,24.7198719746973,52160903521.1907,31324637,2.99490045809443
PER,Perú,2018,6978.49121548627,25.1921846722472,56077049768.4083,31897584,1.50915423024742
PER,Perú,2019,7037.00803692604,24.0390874349068,54892296037.3345,32449303,2.25212191358027
PER,Perú,2020,6133.32552410183,23.0114431429931,46347277393.2378,32838579,2.00241205759292
PER,Perú,2021,6828.53422535638,29.225876726221,66169160382.7701,33155882,4.27166381536798
PER,Perú,2022,7353.74598721667,28.8196452516984,70945282634.6397,33475438,8.33370630096231
PER,Perú,2023,7919.04634828547,27.1701618135233,72822828838.7334,33845617,6.45561348369586
PER,Perú,2024,8526.29665719783,28.8839339520309,84269317212.8241,34217848,2.00770739412712
PER,Perú,2025,9684.41170314988,29.9698270665613,100355362281.137,34576665,1.53125450314273
