clave,fecha,cierre
BIMBOA.MX,2021-08-09,49.439998626708984
BIMBOA.MX,2021-08-10,49.15999984741211
BIMBOA.MX,2021-08-11,49.689998626708984
BIMBOA.MX,2021-08-12,48.95000076293945
BIMBOA.MX,2021-08-13,48.88999938964844
BIMBOA.MX,2021-08-16,49.630001068115234
BIMBOA.MX,2021-08-17,51.43000030517578
BIMBOA.MX,2021-08-18,50.9900016784668
BIMBOA.MX,2021-08-19,49.810001373291016
BIMBOA.MX,2021-08-20,49.81999969482422
BIMBOA.MX,2021-08-23,49.93000030517578
BIMBOA.MX,2021-08-24,49.29999923706055
BIMBOA.MX,2021-08-25,49.029998779296875
BIMBOA.MX,2021-08-26,49.68000030517578
BIMBOA.MX,2021-08-27,49.70000076293945
BIMBOA.MX,2021-08-30,49.81999969482422
BIMBOA.MX,2021-08-31,50.81999969482422
BIMBOA.MX,2021-09-01,50.650001525878906
BIMBOA.MX,2021-09-02,50.369998931884766
BIMBOA.MX,2021-09-03,49.40999984741211
BIMBOA.MX,2021-09-06,49.970001220703125
BIMBOA.MX,2021-09-07,49.45000076293945
BIMBOA.MX,2021-09-08,49.77000045776367
BIMBOA.MX,2021-09-09,50.08000183105469
BIMBOA.MX,2021-09-10,50.310001373291016
BIMBOA.MX,2021-09-13,51.34000015258789
BIMBOA.MX,2021-09-14,55.29999923706055
BIMBOA.MX,2021-09-15,56
BIMBOA.MX,2021-09-17,56.22999954223633
BIMBOA.MX,2021-09-20,57.90999984741211
BIMBOA.MX,2021-09-21,57.880001068115234
BIMBOA.MX,2021-09-22,58.279998779296875
BIMBOA.MX,2021-09-23,58.310001373291016
BIMBOA.MX,2021-09-24,56.619998931884766
BIMBOA.MX,2021-09-27,56.310001373291016
BIMBOA.MX,2021-09-28,55.31999969482422
BIMBOA.MX,2021-09-29,57.83000183105469
BIMBOA.MX,2021-09-30,58.040000915527344
BIMBOA.MX,2021-10-01,57.29999923706055
BIMBOA.MX,2021-10-04,57.290000915527344
BIMBOA.MX,2021-10-05,57.97999954223633
BIMBOA.MX,2021-10-06,59.34000015258789
BIMBOA.MX,2021-10-07,58.29999923706055
BIMBOA.MX,2021-10-08,58.75
BIMBOA.MX,2021-10-11,57.59000015258789
BIMBOA.MX,2021-10-12,55.540000915527344
BIMBOA.MX,2021-10-13,56.869998931884766
BIMBOA.MX,2021-10-14,57.16999816894531
BIMBOA.MX,2021-10-15,57.880001068115234
BIMBOA.MX,2021-10-18,59.630001068115234
BIMBOA.MX,2021-10-19,57.630001068115234
BIMBOA.MX,2021-10-20,57.880001068115234
BIMBOA.MX,2021-10-21,57.63999938964844
BIMBOA.MX,2021-10-22,56.5099983215332
BIMBOA.MX,2021-10-25,56.619998931884766
BIMBOA.MX,2021-10-26,57.439998626708984
BIMBOA.MX,2021-10-27,57.5099983215332
BIMBOA.MX,2021-10-28,56.279998779296875
BIMBOA.MX,2021-10-29,60.939998626708984
BIMBOA.MX,2021-11-01,62.86000061035156
BIMBOA.MX,2021-11-03,61.97999954223633
BIMBOA.MX,2021-11-04,62.90999984741211
BIMBOA.MX,2021-11-05,63.400001525878906
BIMBOA.MX,2021-11-08,61.209999084472656
BIMBOA.MX,2021-11-09,62.81999969482422
BIMBOA.MX,2021-11-10,61.58000183105469
BIMBOA.MX,2021-11-11,59.65999984741211
BIMBOA.MX,2021-11-12,59.84000015258789
BIMBOA.MX,2021-11-16,60.95000076293945
BIMBOA.MX,2021-11-17,60.5099983215332
BIMBOA.MX,2021-11-18,60.470001220703125
BIMBOA.MX,2021-11-19,58.15999984741211
BIMBOA.MX,2021-11-22,56.400001525878906
BIMBOA.MX,2021-11-23,55.650001525878906
BIMBOA.MX,2021-11-24,56.41999816894531
BIMBOA.MX,2021-11-25,55.04999923706055
BIMBOA.MX,2021-11-26,54.43000030517578
BIMBOA.MX,2021-11-29,52.810001373291016
BIMBOA.MX,2021-11-30,56.220001220703125
BIMBOA.MX,2021-12-01,56.13999938964844
BIMBOA.MX,2021-12-02,56.310001373291016
BIMBOA.MX,2021-12-03,56.83000183105469
BIMBOA.MX,2021-12-06,56.209999084472656
BIMBOA.MX,2021-12-07,57.59000015258789
BIMBOA.MX,2021-12-08,54.790000915527344
BIMBOA.MX,2021-12-09,56.279998779296875
BIMBOA.MX,2021-12-10,58.400001525878906
BIMBOA.MX,2021-12-13,56.83000183105469
BIMBOA.MX,2021-12-14,58.779998779296875
BIMBOA.MX,2021-12-15,59.47999954223633
BIMBOA.MX,2021-12-16,58.25
BIMBOA.MX,2021-12-17,61.470001220703125
BIMBOA.MX,2021-12-20,62.880001068115234
BIMBOA.MX,2021-12-21,61.150001525878906
BIMBOA.MX,2021-12-22,62.65999984741211
BIMBOA.MX,2021-12-23,62.130001068115234
BIMBOA.MX,2021-12-24,62.810001373291016
BIMBOA.MX,2021-12-27,62.84000015258789
BIMBOA.MX,2021-12-28,62.27000045776367
BIMBOA.MX,2021-12-29,62.130001068115234
BIMBOA.MX,2021-12-30,62.939998626708984
BIMBOA.MX,2021-12-31,62.970001220703125
BIMBOA.MX,2022-01-03,62.470001220703125
BIMBOA.MX,2022-01-04,62.90999984741211
BIMBOA.MX,2022-01-05,60.9900016784668
BIMBOA.MX,2022-01-06,63.689998626708984
BIMBOA.MX,2022-01-07,64.4800033569336
BIMBOA.MX,2022-01-10,63.33000183105469
BIMBOA.MX,2022-01-11,65.01000213623047
BIMBOA.MX,2022-01-12,67.04000091552734
BIMBOA.MX,2022-01-13,65.94000244140625
BIMBOA.MX,2022-01-14,66.43000030517578
BIMBOA.MX,2022-01-17,66.54000091552734
BIMBOA.MX,2022-01-18,63.290000915527344
BIMBOA.MX,2022-01-19,63.56999969482422
BIMBOA.MX,2022-01-20,63.939998626708984
BIMBOA.MX,2022-01-21,63.22999954223633
BIMBOA.MX,2022-01-24,62.88999938964844
BIMBOA.MX,2022-01-25,63.0099983215332
BIMBOA.MX,2022-01-26,62.38999938964844
BIMBOA.MX,2022-01-27,60.540000915527344
BIMBOA.MX,2022-01-28,61.529998779296875
BIMBOA.MX,2022-01-31,64.589996337890625
BIMBOA.MX,2022-02-01,65.0999984741211
BIMBOA.MX,2022-02-02,63.209999084472656
BIMBOA.MX,2022-02-03,60.90999984741211
BIMBOA.MX,2022-02-04,62.0099983215332
BIMBOA.MX,2022-02-08,63.400001525878906
BIMBOA.MX,2022-02-09,64.04000091552734
BIMBOA.MX,2022-02-10,63.439998626708984
BIMBOA.MX,2022-02-11,64.62999725341797
BIMBOA.MX,2022-02-14,62.900001525878906
BIMBOA.MX,2022-02-15,63.06999969482422
BIMBOA.MX,2022-02-16,63.220001220703125
BIMBOA.MX,2022-02-17,63.75
BIMBOA.MX,2022-02-18,64.80999755859375
BIMBOA.MX,2022-02-21,64.69000244140625
BIMBOA.MX,2022-02-22,65.48999786376953
BIMBOA.MX,2022-02-23,62.65999984741211
BIMBOA.MX,2022-02-24,62.36000061035156
BIMBOA.MX,2022-02-25,64.3499984741211
BIMBOA.MX,2022-02-28,63.06999969482422
BIMBOA.MX,2022-03-01,62.33000183105469
BIMBOA.MX,2022-03-02,61.900001525878906
BIMBOA.MX,2022-03-03,59.209999084472656
BIMBOA.MX,2022-03-04,57.439998626708984
BIMBOA.MX,2022-03-07,53.20000076293945
BIMBOA.MX,2022-03-08,54.209999084472656
BIMBOA.MX,2022-03-09,56.459999084472656
BIMBOA.MX,2022-03-10,57.099998474121094
BIMBOA.MX,2022-03-11,56.650001525878906
BIMBOA.MX,2022-03-14,55.20000076293945
BIMBOA.MX,2022-03-15,56.27000045776367
BIMBOA.MX,2022-03-16,58.88999938964844
BIMBOA.MX,2022-03-17,58.720001220703125
BIMBOA.MX,2022-03-18,57.97999954223633
BIMBOA.MX,2022-03-22,59.290000915527344
BIMBOA.MX,2022-03-23,57.4900016784668
BIMBOA.MX,2022-03-24,57.72999954223633
BIMBOA.MX,2022-03-25,58.279998779296875
BIMBOA.MX,2022-03-28,59.220001220703125
BIMBOA.MX,2022-03-29,60.599998474121094
BIMBOA.MX,2022-03-30,60.119998931884766
BIMBOA.MX,2022-03-31,60.060001373291016
BIMBOA.MX,2022-04-01,62.97999954223633
BIMBOA.MX,2022-04-04,64.31999969482422
BIMBOA.MX,2022-04-05,62.5
BIMBOA.MX,2022-04-06,59.5099983215332
BIMBOA.MX,2022-04-07,59.5
BIMBOA.MX,2022-04-08,59.220001220703125
BIMBOA.MX,2022-04-11,58.40999984741211
BIMBOA.MX,2022-04-12,56.650001525878906
BIMBOA.MX,2022-04-13,57.779998779296875
BIMBOA.MX,2022-04-18,57.779998779296875
BIMBOA.MX,2022-04-19,59.61000061035156
BIMBOA.MX,2022-04-20,57.61000061035156
BIMBOA.MX,2022-04-21,55.84000015258789
BIMBOA.MX,2022-04-22,55.9900016784668
BIMBOA.MX,2022-04-25,56.13999938964844
BIMBOA.MX,2022-04-26,56.189998626708984
BIMBOA.MX,2022-04-27,61.4900016784668
BIMBOA.MX,2022-04-28,62.61000061035156
BIMBOA.MX,2022-04-29,62.900001525878906
BIMBOA.MX,2022-05-02,67.089996337890625
BIMBOA.MX,2022-05-03,62.04999923706055
BIMBOA.MX,2022-05-04,59.290000915527344
BIMBOA.MX,2022-05-05,60.709999084472656
BIMBOA.MX,2022-05-06,61.2599983215332
BIMBOA.MX,2022-05-09,60.33000183105469
BIMBOA.MX,2022-05-10,60.27000045776367
BIMBOA.MX,2022-05-11,58.130001068115234
BIMBOA.MX,2022-05-12,59.369998931884766
BIMBOA.MX,2022-05-13,57.90999984741211
BIMBOA.MX,2022-05-16,58.43000030517578
BIMBOA.MX,2022-05-17,58.970001220703125
BIMBOA.MX,2022-05-18,57.16999816894531
BIMBOA.MX,2022-05-19,56.459999084472656
BIMBOA.MX,2022-05-20,57.77000045776367
BIMBOA.MX,2022-05-23,58.52000045776367
BIMBOA.MX,2022-05-24,58.099998474121094
BIMBOA.MX,2022-05-25,59.540000915527344
BIMBOA.MX,2022-05-26,61.15999984741211
BIMBOA.MX,2022-05-27,61.439998626708984
BIMBOA.MX,2022-05-30,61.09000015258789
BIMBOA.MX,2022-05-31,64.720001220703125
BIMBOA.MX,2022-06-01,64.660003662109375
BIMBOA.MX,2022-06-02,62.47999954223633
BIMBOA.MX,2022-06-03,62.18000030517578
BIMBOA.MX,2022-06-06,63.439998626708984
BIMBOA.MX,2022-06-07,63.56999969482422
BIMBOA.MX,2022-06-08,63.220001220703125
BIMBOA.MX,2022-06-09,64.5199966430664
BIMBOA.MX,2022-06-10,61.400001525878906
BIMBOA.MX,2022-06-13,62.290000915527344
BIMBOA.MX,2022-06-14,60.720001220703125
BIMBOA.MX,2022-06-15,62.599998474121094
BIMBOA.MX,2022-06-16,62.630001068115234
BIMBOA.MX,2022-06-17,62.5099983215332
BIMBOA.MX,2022-06-20,64.11000061035156
BIMBOA.MX,2022-06-21,61.70000076293945
BIMBOA.MX,2022-06-22,63.4900016784668
BIMBOA.MX,2022-06-23,63.47999954223633
BIMBOA.MX,2022-06-24,63.810001373291016
BIMBOA.MX,2022-06-27,65.95999908447266
BIMBOA.MX,2022-06-28,66
BIMBOA.MX,2022-06-29,65.8499984741211
BIMBOA.MX,2022-06-30,65.37000274658203
BIMBOA.MX,2022-07-01,65.80999755859375
BIMBOA.MX,2022-07-04,69.56999969482422
BIMBOA.MX,2022-07-05,67.18000030517578
BIMBOA.MX,2022-07-06,69.910003662109375
BIMBOA.MX,2022-07-07,69.68000030517578
BIMBOA.MX,2022-07-08,70.5999984741211
BIMBOA.MX,2022-07-11,70.76000213623047
BIMBOA.MX,2022-07-12,68.29000091552734
BIMBOA.MX,2022-07-13,69.05000305175781
BIMBOA.MX,2022-07-14,70.11000061035156
BIMBOA.MX,2022-07-15,72.5999984741211
BIMBOA.MX,2022-07-18,71.5
BIMBOA.MX,2022-07-19,72.06999969482422
BIMBOA.MX,2022-07-20,72.410003662109375
BIMBOA.MX,2022-07-21,73
BIMBOA.MX,2022-07-22,74.44000244140625
BIMBOA.MX,2022-07-25,74.23999786376953
BIMBOA.MX,2022-07-26,74.06999969482422
BIMBOA.MX,2022-07-27,73.06999969482422
BIMBOA.MX,2022-07-28,75.08000183105469
BIMBOA.MX,2022-07-29,72.04000091552734
BIMBOA.MX,2022-08-01,71.1500015258789
BIMBOA.MX,2022-08-02,72.29000091552734
BIMBOA.MX,2022-08-03,71.58000183105469
BIMBOA.MX,2022-08-04,70.8499984741211
BIMBOA.MX,2022-08-05,70.160003662109375
BIMBOA.MX,2022-08-08,73.12999725341797
BIMBOA.MX,2022-08-09,75.54000091552734
BIMBOA.MX,2022-08-10,76.30999755859375
BIMBOA.MX,2022-08-11,76.31999969482422
BIMBOA.MX,2022-08-12,76.69000244140625
BIMBOA.MX,2022-08-15,75.23999786376953
BIMBOA.MX,2022-08-16,74.7699966430664
BIMBOA.MX,2022-08-17,73.94000244140625
BIMBOA.MX,2022-08-18,73.55999755859375
BIMBOA.MX,2022-08-19,73.55999755859375
BIMBOA.MX,2022-08-22,74.5199966430664
BIMBOA.MX,2022-08-23,73.6500015258789
BIMBOA.MX,2022-08-24,73.5
BIMBOA.MX,2022-08-25,73.61000061035156
BIMBOA.MX,2022-08-26,73.4000015258789
BIMBOA.MX,2022-08-29,71.12999725341797
BIMBOA.MX,2022-08-30,69.470001220703125
BIMBOA.MX,2022-08-31,66.220001220703125
BIMBOA.MX,2022-09-01,70.2699966430664
BIMBOA.MX,2022-09-02,71.970001220703125
BIMBOA.MX,2022-09-05,70.4800033569336
BIMBOA.MX,2022-09-06,70.87999725341797
BIMBOA.MX,2022-09-07,71.94000244140625
BIMBOA.MX,2022-09-08,72.12000274658203
BIMBOA.MX,2022-09-09,73.029998779296875
BIMBOA.MX,2022-09-12,73.69999694824219
BIMBOA.MX,2022-09-13,73.029998779296875
BIMBOA.MX,2022-09-14,72.6500015258789
BIMBOA.MX,2022-09-15,73.44999694824219
BIMBOA.MX,2022-09-19,72.91999816894531
BIMBOA.MX,2022-09-20,72.970001220703125
BIMBOA.MX,2022-09-21,73.589996337890625
BIMBOA.MX,2022-09-22,75.18000030517578
BIMBOA.MX,2022-09-23,72.38999938964844
BIMBOA.MX,2022-09-26,71.5
BIMBOA.MX,2022-09-27,73.51000213623047
BIMBOA.MX,2022-09-28,73.5
BIMBOA.MX,2022-09-29,72.73999786376953
BIMBOA.MX,2022-09-30,70.7699966430664
BIMBOA.MX,2022-10-03,71.7300033569336
BIMBOA.MX,2022-10-04,71.68000030517578
BIMBOA.MX,2022-10-05,72.26000213623047
BIMBOA.MX,2022-10-06,71.04000091552734
BIMBOA.MX,2022-10-07,72.88999938964844
BIMBOA.MX,2022-10-10,70.410003662109375
BIMBOA.MX,2022-10-11,72
BIMBOA.MX,2022-10-12,71.19000244140625
BIMBOA.MX,2022-10-13,70.66999816894531
BIMBOA.MX,2022-10-14,70.05999755859375
BIMBOA.MX,2022-10-17,73
BIMBOA.MX,2022-10-18,71.93000030517578
BIMBOA.MX,2022-10-19,70.04000091552734
BIMBOA.MX,2022-10-20,70.5
BIMBOA.MX,2022-10-21,71.80000305175781
BIMBOA.MX,2022-10-24,73.37000274658203
BIMBOA.MX,2022-10-25,75.220001220703125
BIMBOA.MX,2022-10-26,74.5999984741211
BIMBOA.MX,2022-10-27,74.80000305175781
BIMBOA.MX,2022-10-28,76.43000030517578
BIMBOA.MX,2022-10-31,76.80999755859375
BIMBOA.MX,2022-11-01,81.9000015258789
BIMBOA.MX,2022-11-03,79.56999969482422
BIMBOA.MX,2022-11-04,81.06999969482422
BIMBOA.MX,2022-11-07,80.26000213623047
BIMBOA.MX,2022-11-08,81.55999755859375
BIMBOA.MX,2022-11-09,81.56999969482422
BIMBOA.MX,2022-11-10,82.87999725341797
BIMBOA.MX,2022-11-11,83.48999786376953
BIMBOA.MX,2022-11-14,85.7300033569336
BIMBOA.MX,2022-11-15,85.56999969482422
BIMBOA.MX,2022-11-16,85.910003662109375
BIMBOA.MX,2022-11-17,85.37999725341797
BIMBOA.MX,2022-11-18,87.5
BIMBOA.MX,2022-11-22,85.58000183105469
BIMBOA.MX,2022-11-23,86.98999786376953
BIMBOA.MX,2022-11-24,87.4000015258789
BIMBOA.MX,2022-11-25,86.48999786376953
BIMBOA.MX,2022-11-28,83.70999908447266
BIMBOA.MX,2022-11-29,82
BIMBOA.MX,2022-11-30,81.87000274658203
BIMBOA.MX,2022-12-01,82.25
BIMBOA.MX,2022-12-02,83.089996337890625
BIMBOA.MX,2022-12-05,83.58000183105469
BIMBOA.MX,2022-12-06,82.05000305175781
BIMBOA.MX,2022-12-07,83.37000274658203
BIMBOA.MX,2022-12-08,85.660003662109375
BIMBOA.MX,2022-12-09,85.79000091552734
BIMBOA.MX,2022-12-13,86.9800033569336
BIMBOA.MX,2022-12-14,86.08000183105469
BIMBOA.MX,2022-12-15,84.41999816894531
BIMBOA.MX,2022-12-16,85.279998779296875
BIMBOA.MX,2022-12-19,86.4800033569336
BIMBOA.MX,2022-12-20,85.76000213623047
BIMBOA.MX,2022-12-21,86.5199966430664
BIMBOA.MX,2022-12-22,85.66999816894531
BIMBOA.MX,2022-12-23,86.089996337890625
BIMBOA.MX,2022-12-26,85.73999786376953
BIMBOA.MX,2022-12-27,86.73999786376953
BIMBOA.MX,2022-12-28,85.61000061035156
BIMBOA.MX,2022-12-29,84.12000274658203
BIMBOA.MX,2022-12-30,82.30000305175781
BIMBOA.MX,2023-01-02,84.6500015258789
BIMBOA.MX,2023-01-03,84.51000213623047
BIMBOA.MX,2023-01-04,85.88999938964844
BIMBOA.MX,2023-01-05,87.68000030517578
BIMBOA.MX,2023-01-06,88.12000274658203
BIMBOA.MX,2023-01-09,90.48999786376953
BIMBOA.MX,2023-01-10,90.30000305175781
BIMBOA.MX,2023-01-11,90.44999694824219
BIMBOA.MX,2023-01-12,91.4000015258789
BIMBOA.MX,2023-01-13,91.2300033569336
BIMBOA.MX,2023-01-16,92.63999938964844
BIMBOA.MX,2023-01-17,91.86000061035156
BIMBOA.MX,2023-01-18,91.80000305175781
BIMBOA.MX,2023-01-19,92.29000091552734
BIMBOA.MX,2023-01-20,92
BIMBOA.MX,2023-01-23,95.01000213623047
BIMBOA.MX,2023-01-24,95.8499984741211
BIMBOA.MX,2023-01-25,95.79000091552734
BIMBOA.MX,2023-01-26,95.55999755859375
BIMBOA.MX,2023-01-27,94.30999755859375
BIMBOA.MX,2023-01-30,94.18000030517578
BIMBOA.MX,2023-01-31,93.48999786376953
BIMBOA.MX,2023-02-01,94.05999755859375
BIMBOA.MX,2023-02-02,93
BIMBOA.MX,2023-02-03,93.62999725341797
BIMBOA.MX,2023-02-07,91.20999908447266
BIMBOA.MX,2023-02-08,90.73999786376953
BIMBOA.MX,2023-02-09,90.26000213623047
BIMBOA.MX,2023-02-10,89.06999969482422
BIMBOA.MX,2023-02-13,89.62999725341797
BIMBOA.MX,2023-02-14,88.69000244140625
BIMBOA.MX,2023-02-15,89.58000183105469
BIMBOA.MX,2023-02-16,88.9000015258789
BIMBOA.MX,2023-02-17,87.38999938964844
BIMBOA.MX,2023-02-20,88.80000305175781
BIMBOA.MX,2023-02-21,87.76000213623047
BIMBOA.MX,2023-02-22,86.69000244140625
BIMBOA.MX,2023-02-23,87.19000244140625
BIMBOA.MX,2023-02-24,88.2300033569336
BIMBOA.MX,2023-02-27,89.26000213623047
BIMBOA.MX,2023-02-28,87.2300033569336
BIMBOA.MX,2023-03-01,87.05999755859375
BIMBOA.MX,2023-03-02,88.04000091552734
BIMBOA.MX,2023-03-03,88.470001220703125
BIMBOA.MX,2023-03-06,87.88999938964844
BIMBOA.MX,2023-03-07,86.05999755859375
BIMBOA.MX,2023-03-08,86.48999786376953
BIMBOA.MX,2023-03-09,86.1500015258789
BIMBOA.MX,2023-03-10,83.529998779296875
BIMBOA.MX,2023-03-13,85.36000061035156
BIMBOA.MX,2023-03-14,85.12000274658203
BIMBOA.MX,2023-03-15,85.589996337890625
BIMBOA.MX,2023-03-16,86
BIMBOA.MX,2023-03-17,88.4800033569336
BIMBOA.MX,2023-03-21,87.7699966430664
BIMBOA.MX,2023-03-22,87.94000244140625
BIMBOA.MX,2023-03-23,87.33000183105469
BIMBOA.MX,2023-03-24,87.48999786376953
BIMBOA.MX,2023-03-27,88.4000015258789
BIMBOA.MX,2023-03-28,88.4000015258789
BIMBOA.MX,2023-03-29,89.9800033569336
BIMBOA.MX,2023-03-30,91.7300033569336
BIMBOA.MX,2023-03-31,90.58000183105469
BIMBOA.MX,2023-04-03,90
BIMBOA.MX,2023-04-04,91.470001220703125
BIMBOA.MX,2023-04-05,90.529998779296875
BIMBOA.MX,2023-04-10,91.2699966430664
BIMBOA.MX,2023-04-11,92.01000213623047
BIMBOA.MX,2023-04-12,90.80999755859375
BIMBOA.MX,2023-04-13,91.80000305175781
BIMBOA.MX,2023-04-14,90.11000061035156
BIMBOA.MX,2023-04-17,92.41999816894531
BIMBOA.MX,2023-04-18,91.160003662109375
BIMBOA.MX,2023-04-19,90.44000244140625
BIMBOA.MX,2023-04-20,93.37000274658203
BIMBOA.MX,2023-04-21,92.220001220703125
BIMBOA.MX,2023-04-24,93.29000091552734
BIMBOA.MX,2023-04-25,92.3499984741211
BIMBOA.MX,2023-04-26,91.970001220703125
BIMBOA.MX,2023-04-27,93.48999786376953
BIMBOA.MX,2023-04-28,96.5
BIMBOA.MX,2023-05-02,95.58000183105469
BIMBOA.MX,2023-05-03,95.16999816894531
BIMBOA.MX,2023-05-04,97.62000274658203
BIMBOA.MX,2023-05-05,98.970001220703125
BIMBOA.MX,2023-05-08,97.80000305175781
BIMBOA.MX,2023-05-09,97.79000091552734
BIMBOA.MX,2023-05-10,98.55000305175781
BIMBOA.MX,2023-05-11,96.4800033569336
BIMBOA.MX,2023-05-12,96.529998779296875
BIMBOA.MX,2023-05-15,96.30000305175781
BIMBOA.MX,2023-05-16,94.88999938964844
BIMBOA.MX,2023-05-17,92.839996337890625
BIMBOA.MX,2023-05-18,94
BIMBOA.MX,2023-05-19,92.80999755859375
BIMBOA.MX,2023-05-22,90.54000091552734
BIMBOA.MX,2023-05-23,90.83000183105469
BIMBOA.MX,2023-05-24,92.470001220703125
BIMBOA.MX,2023-05-25,93.48999786376953
BIMBOA.MX,2023-05-26,93.720001220703125
BIMBOA.MX,2023-05-29,93.56999969482422
BIMBOA.MX,2023-05-30,92.62000274658203
BIMBOA.MX,2023-05-31,94.839996337890625
BIMBOA.MX,2023-06-01,93.4800033569336
BIMBOA.MX,2023-06-02,92.51000213623047
BIMBOA.MX,2023-06-05,92.61000061035156
BIMBOA.MX,2023-06-06,92.2699966430664
BIMBOA.MX,2023-06-07,91.73999786376953
BIMBOA.MX,2023-06-08,93.220001220703125
BIMBOA.MX,2023-06-09,94.1500015258789
BIMBOA.MX,2023-06-12,92.6500015258789
BIMBOA.MX,2023-06-13,91.5
BIMBOA.MX,2023-06-14,93.62000274658203
BIMBOA.MX,2023-06-15,92.76000213623047
BIMBOA.MX,2023-06-16,92.13999938964844
BIMBOA.MX,2023-06-19,91.910003662109375
BIMBOA.MX,2023-06-20,91.839996337890625
BIMBOA.MX,2023-06-21,92.41999816894531
BIMBOA.MX,2023-06-22,91.37000274658203
BIMBOA.MX,2023-06-23,91.81999969482422
BIMBOA.MX,2023-06-26,90.6500015258789
BIMBOA.MX,2023-06-27,91.0199966430664
BIMBOA.MX,2023-06-28,90.70999908447266
BIMBOA.MX,2023-06-29,91.16999816894531
BIMBOA.MX,2023-06-30,91.94000244140625
BIMBOA.MX,2023-07-03,93
BIMBOA.MX,2023-07-04,92.44999694824219
BIMBOA.MX,2023-07-05,90.91999816894531
BIMBOA.MX,2023-07-06,88.9000015258789
BIMBOA.MX,2023-07-07,88.839996337890625
BIMBOA.MX,2023-07-10,87.51000213623047
BIMBOA.MX,2023-07-11,89.63999938964844
BIMBOA.MX,2023-07-12,88.31999969482422
BIMBOA.MX,2023-07-13,89.70999908447266
BIMBOA.MX,2023-07-14,89.62999725341797
BIMBOA.MX,2023-07-17,88.70999908447266
BIMBOA.MX,2023-07-18,90.5
BIMBOA.MX,2023-07-19,87.7699966430664
BIMBOA.MX,2023-07-20,87.04000091552734
BIMBOA.MX,2023-07-21,88.720001220703125
BIMBOA.MX,2023-07-24,86.8499984741211
BIMBOA.MX,2023-07-25,87.87000274658203
BIMBOA.MX,2023-07-26,87.94999694824219
BIMBOA.MX,2023-07-27,86.94000244140625
BIMBOA.MX,2023-07-28,88.75
BIMBOA.MX,2023-07-31,87.029998779296875
BIMBOA.MX,2023-08-01,83.529998779296875
BIMBOA.MX,2023-08-02,83.05999755859375
BIMBOA.MX,2023-08-03,87.029998779296875
BIMBOA.MX,2023-08-04,89.61000061035156
BIMBOA.MX,2023-08-07,89.11000061035156
BIMBOA.MX,2023-08-08,87.589996337890625
BIMBOA.MX,2023-08-09,89.55999755859375
BIMBOA.MX,2023-08-10,89.470001220703125
BIMBOA.MX,2023-08-11,88.61000061035156
BIMBOA.MX,2023-08-14,88.44999694824219
BIMBOA.MX,2023-08-15,89.55999755859375
BIMBOA.MX,2023-08-16,90.8499984741211
BIMBOA.MX,2023-08-17,89.98999786376953
BIMBOA.MX,2023-08-18,88.80999755859375
BIMBOA.MX,2023-08-21,88.48999786376953
BIMBOA.MX,2023-08-22,88.62999725341797
BIMBOA.MX,2023-08-23,89.529998779296875
BIMBOA.MX,2023-08-24,88.7300033569336
BIMBOA.MX,2023-08-25,86.8499984741211
BIMBOA.MX,2023-08-28,87.9000015258789
BIMBOA.MX,2023-08-29,88.2300033569336
BIMBOA.MX,2023-08-30,87.9800033569336
BIMBOA.MX,2023-08-31,83.88999938964844
BIMBOA.MX,2023-09-01,84.62000274658203
BIMBOA.MX,2023-09-04,84
BIMBOA.MX,2023-09-05,83.910003662109375
BIMBOA.MX,2023-09-06,84.470001220703125
BIMBOA.MX,2023-09-07,83.1500015258789
BIMBOA.MX,2023-09-08,83.68000030517578
BIMBOA.MX,2023-09-11,84.62000274658203
BIMBOA.MX,2023-09-12,83.9000015258789
BIMBOA.MX,2023-09-13,82.5999984741211
BIMBOA.MX,2023-09-14,82.19000244140625
BIMBOA.MX,2023-09-15,81.9000015258789
BIMBOA.MX,2023-09-18,82.62999725341797
BIMBOA.MX,2023-09-19,82.69999694824219
BIMBOA.MX,2023-09-20,83.3499984741211
BIMBOA.MX,2023-09-21,82.05000305175781
BIMBOA.MX,2023-09-22,82.44000244140625
BIMBOA.MX,2023-09-25,83.0199966430664
BIMBOA.MX,2023-09-26,85.06999969482422
BIMBOA.MX,2023-09-27,85.80000305175781
BIMBOA.MX,2023-09-28,84.81999969482422
BIMBOA.MX,2023-09-29,83.779998779296875
BIMBOA.MX,2023-10-02,82.98999786376953
BIMBOA.MX,2023-10-03,81.88999938964844
BIMBOA.MX,2023-10-04,81.279998779296875
BIMBOA.MX,2023-10-05,82.80999755859375
BIMBOA.MX,2023-10-06,82.38999938964844
BIMBOA.MX,2023-10-09,81.470001220703125
BIMBOA.MX,2023-10-10,82.30000305175781
BIMBOA.MX,2023-10-11,79.80999755859375
BIMBOA.MX,2023-10-12,78.91999816894531
BIMBOA.MX,2023-10-13,78.220001220703125
BIMBOA.MX,2023-10-16,78.61000061035156
BIMBOA.MX,2023-10-17,78.470001220703125
BIMBOA.MX,2023-10-18,77.589996337890625
BIMBOA.MX,2023-10-19,75.089996337890625
BIMBOA.MX,2023-10-20,73.38999938964844
BIMBOA.MX,2023-10-23,74.9000015258789
BIMBOA.MX,2023-10-24,73.76000213623047
BIMBOA.MX,2023-10-25,75.29000091552734
BIMBOA.MX,2023-10-26,75.0999984741211
BIMBOA.MX,2023-10-27,72.62000274658203
BIMBOA.MX,2023-10-30,70.01000213623047
BIMBOA.MX,2023-10-31,73.18000030517578
BIMBOA.MX,2023-11-01,75.8499984741211
BIMBOA.MX,2023-11-03,78.66999816894531
BIMBOA.MX,2023-11-06,82.25
BIMBOA.MX,2023-11-07,80.779998779296875
BIMBOA.MX,2023-11-08,80.04000091552734
BIMBOA.MX,2023-11-09,80.69000244140625
BIMBOA.MX,2023-11-10,80.5
BIMBOA.MX,2023-11-13,79.839996337890625
BIMBOA.MX,2023-11-14,82.69000244140625
BIMBOA.MX,2023-11-15,83.25
BIMBOA.MX,2023-11-16,83.70999908447266
BIMBOA.MX,2023-11-17,83.44000244140625
BIMBOA.MX,2023-11-21,84.9800033569336
BIMBOA.MX,2023-11-22,85
BIMBOA.MX,2023-11-23,85.36000061035156
BIMBOA.MX,2023-11-24,85.87999725341797
BIMBOA.MX,2023-11-27,85.9800033569336
BIMBOA.MX,2023-11-28,86
BIMBOA.MX,2023-11-29,86.5199966430664
BIMBOA.MX,2023-11-30,87.279998779296875
BIMBOA.MX,2023-12-01,87.2699966430664
BIMBOA.MX,2023-12-04,87.410003662109375
BIMBOA.MX,2023-12-05,88.93000030517578
BIMBOA.MX,2023-12-06,89
BIMBOA.MX,2023-12-07,88.94000244140625
BIMBOA.MX,2023-12-08,87.160003662109375
BIMBOA.MX,2023-12-11,87.05000305175781
BIMBOA.MX,2023-12-13,88.38999938964844
BIMBOA.MX,2023-12-14,88.13999938964844
BIMBOA.MX,2023-12-15,88.54000091552734
BIMBOA.MX,2023-12-18,89.25
BIMBOA.MX,2023-12-19,87.30000305175781
BIMBOA.MX,2023-12-20,86.7300033569336
BIMBOA.MX,2023-12-21,88.160003662109375
BIMBOA.MX,2023-12-22,88.660003662109375
BIMBOA.MX,2023-12-26,88.23999786376953
BIMBOA.MX,2023-12-27,87.68000030517578
BIMBOA.MX,2023-12-28,87.33000183105469
BIMBOA.MX,2023-12-29,85.86000061035156
BIMBOA.MX,2024-01-02,86.98999786376953
BIMBOA.MX,2024-01-03,84.68000030517578
BIMBOA.MX,2024-01-04,84.7699966430664
BIMBOA.MX,2024-01-05,88.339996337890625
BIMBOA.MX,2024-01-08,86.11000061035156
BIMBOA.MX,2024-01-09,84.43000030517578
BIMBOA.MX,2024-01-10,84.12999725341797
BIMBOA.MX,2024-01-11,84.70999908447266
BIMBOA.MX,2024-01-12,85.5
BIMBOA.MX,2024-01-15,84.73999786376953
BIMBOA.MX,2024-01-16,87.01000213623047
BIMBOA.MX,2024-01-17,85.9000015258789
BIMBOA.MX,2024-01-18,84.5
BIMBOA.MX,2024-01-19,84.25
BIMBOA.MX,2024-01-22,78.30999755859375
BIMBOA.MX,2024-01-23,78.05999755859375
BIMBOA.MX,2024-01-24,77.4000015258789
BIMBOA.MX,2024-01-25,76.94000244140625
BIMBOA.MX,2024-01-26,79.04000091552734
BIMBOA.MX,2024-01-29,79.54000091552734
BIMBOA.MX,2024-01-30,77.589996337890625
BIMBOA.MX,2024-01-31,78.26000213623047
BIMBOA.MX,2024-02-01,78.5199966430664
BIMBOA.MX,2024-02-02,77.9000015258789
BIMBOA.MX,2024-02-06,81.4000015258789
BIMBOA.MX,2024-02-07,79.45999908447266
BIMBOA.MX,2024-02-08,79.56999969482422
BIMBOA.MX,2024-02-09,78.56999969482422
BIMBOA.MX,2024-02-12,78.80999755859375
BIMBOA.MX,2024-02-13,78.029998779296875
BIMBOA.MX,2024-02-14,77.660003662109375
BIMBOA.MX,2024-02-15,78.68000030517578
BIMBOA.MX,2024-02-16,77.62000274658203
BIMBOA.MX,2024-02-19,79.13999938964844
BIMBOA.MX,2024-02-20,76.11000061035156
BIMBOA.MX,2024-02-21,74.75
BIMBOA.MX,2024-02-22,72.87000274658203
BIMBOA.MX,2024-02-23,73.62999725341797
BIMBOA.MX,2024-02-26,72.68000030517578
BIMBOA.MX,2024-02-27,73.29000091552734
BIMBOA.MX,2024-02-28,72.279998779296875
BIMBOA.MX,2024-02-29,71.30999755859375
BIMBOA.MX,2024-03-01,71.58000183105469
BIMBOA.MX,2024-03-04,71.720001220703125
BIMBOA.MX,2024-03-05,72.4800033569336
BIMBOA.MX,2024-03-06,71.9000015258789
BIMBOA.MX,2024-03-07,72
BIMBOA.MX,2024-03-08,71.69000244140625
BIMBOA.MX,2024-03-11,71.9800033569336
BIMBOA.MX,2024-03-12,71.81999969482422
BIMBOA.MX,2024-03-13,70.94999694824219
BIMBOA.MX,2024-03-14,71.62000274658203
BIMBOA.MX,2024-03-15,71.18000030517578
BIMBOA.MX,2024-03-19,73.75
BIMBOA.MX,2024-03-20,77.6500015258789
BIMBOA.MX,2024-03-21,76.31999969482422
BIMBOA.MX,2024-03-22,73.87999725341797
BIMBOA.MX,2024-03-25,77.69999694824219
BIMBOA.MX,2024-03-26,79.19999694824219
BIMBOA.MX,2024-03-27,78.69999694824219
BIMBOA.MX,2024-04-01,77.44999694824219
BIMBOA.MX,2024-04-02,76.529998779296875
BIMBOA.MX,2024-04-03,73.95999908447266
BIMBOA.MX,2024-04-04,71.93000030517578
BIMBOA.MX,2024-04-05,73.529998779296875
BIMBOA.MX,2024-04-08,72.12999725341797
BIMBOA.MX,2024-04-09,70.70999908447266
BIMBOA.MX,2024-04-10,69.160003662109375
BIMBOA.MX,2024-04-11,69.19000244140625
BIMBOA.MX,2024-04-12,68.69999694824219
BIMBOA.MX,2024-04-15,66.9800033569336
BIMBOA.MX,2024-04-16,67.68000030517578
BIMBOA.MX,2024-04-17,66.12000274658203
BIMBOA.MX,2024-04-18,66.9800033569336
BIMBOA.MX,2024-04-19,69
BIMBOA.MX,2024-04-22,70.86000061035156
BIMBOA.MX,2024-04-23,69.12000274658203
BIMBOA.MX,2024-04-24,69.26000213623047
BIMBOA.MX,2024-04-25,70.36000061035156
BIMBOA.MX,2024-04-26,68.69000244140625
BIMBOA.MX,2024-04-29,70.12000274658203
BIMBOA.MX,2024-04-30,71.62000274658203
BIMBOA.MX,2024-05-02,72.5999984741211
BIMBOA.MX,2024-05-03,70
BIMBOA.MX,2024-05-06,69.81999969482422
BIMBOA.MX,2024-05-07,71.23999786376953
BIMBOA.MX,2024-05-08,70.7300033569336
BIMBOA.MX,2024-05-09,72.5999984741211
BIMBOA.MX,2024-05-10,69.839996337890625
BIMBOA.MX,2024-05-13,70.36000061035156
BIMBOA.MX,2024-05-14,69.660003662109375
BIMBOA.MX,2024-05-15,70.55999755859375
BIMBOA.MX,2024-05-16,71.45999908447266
BIMBOA.MX,2024-05-17,69.88999938964844
BIMBOA.MX,2024-05-20,69.81999969482422
BIMBOA.MX,2024-05-21,69.94000244140625
BIMBOA.MX,2024-05-22,70.29000091552734
BIMBOA.MX,2024-05-23,68.05000305175781
BIMBOA.MX,2024-05-24,66.160003662109375
BIMBOA.MX,2024-05-27,66
BIMBOA.MX,2024-05-28,66.3499984741211
BIMBOA.MX,2024-05-29,65.38999938964844
BIMBOA.MX,2024-05-30,65.48999786376953
BIMBOA.MX,2024-05-31,63.79999923706055
BIMBOA.MX,2024-06-03,64.029998779296875
BIMBOA.MX,2024-06-04,68.55999755859375
BIMBOA.MX,2024-06-05,70.660003662109375
BIMBOA.MX,2024-06-06,69.70999908447266
BIMBOA.MX,2024-06-07,67.88999938964844
BIMBOA.MX,2024-06-10,70.9000015258789
BIMBOA.MX,2024-06-11,69.41999816894531
BIMBOA.MX,2024-06-12,69.33000183105469
BIMBOA.MX,2024-06-13,67.529998779296875
BIMBOA.MX,2024-06-14,67.05000305175781
BIMBOA.MX,2024-06-17,66.70999908447266
BIMBOA.MX,2024-06-18,69.69000244140625
BIMBOA.MX,2024-06-19,70.29000091552734
BIMBOA.MX,2024-06-20,70.54000091552734
BIMBOA.MX,2024-06-21,68
BIMBOA.MX,2024-06-24,65.7699966430664
BIMBOA.MX,2024-06-25,64.720001220703125
BIMBOA.MX,2024-06-26,65.410003662109375
BIMBOA.MX,2024-06-27,65.37000274658203
BIMBOA.MX,2024-06-28,64.61000061035156
BIMBOA.MX,2024-07-01,66.58000183105469
BIMBOA.MX,2024-07-02,63.15999984741211
BIMBOA.MX,2024-07-03,63.400001525878906
BIMBOA.MX,2024-07-04,63.290000915527344
BIMBOA.MX,2024-07-05,63
BIMBOA.MX,2024-07-08,63.41999816894531
BIMBOA.MX,2024-07-09,63.720001220703125
BIMBOA.MX,2024-07-10,64
BIMBOA.MX,2024-07-11,64.01000213623047
BIMBOA.MX,2024-07-12,64.94999694824219
BIMBOA.MX,2024-07-15,64.87000274658203
BIMBOA.MX,2024-07-16,64.94000244140625
BIMBOA.MX,2024-07-17,64.7300033569336
BIMBOA.MX,2024-07-18,63.66999816894531
BIMBOA.MX,2024-07-19,65.08000183105469
BIMBOA.MX,2024-07-22,64.93000030517578
BIMBOA.MX,2024-07-23,65.08000183105469
BIMBOA.MX,2024-07-24,65.44999694824219
BIMBOA.MX,2024-07-25,69.0199966430664
BIMBOA.MX,2024-07-26,67.55000305175781
BIMBOA.MX,2024-07-29,68.19000244140625
BIMBOA.MX,2024-07-30,64.93000030517578
BIMBOA.MX,2024-07-31,65.589996337890625
BIMBOA.MX,2024-08-01,65.45999908447266
BIMBOA.MX,2024-08-02,67
BIMBOA.MX,2024-08-05,65.0999984741211
BIMBOA.MX,2024-08-06,66.98999786376953
BIMBOA.MX,2024-08-07,67.56999969482422
BIMBOA.MX,2024-08-08,68.58000183105469
BIMBOA.MX,2024-08-09,69.08000183105469
BIMBOA.MX,2024-08-12,68.61000061035156
BIMBOA.MX,2024-08-13,70.25
BIMBOA.MX,2024-08-14,70.01000213623047
BIMBOA.MX,2024-08-15,69.470001220703125
BIMBOA.MX,2024-08-16,69.88999938964844
BIMBOA.MX,2024-08-19,70.410003662109375
BIMBOA.MX,2024-08-20,70.4000015258789
BIMBOA.MX,2024-08-21,69.13999938964844
BIMBOA.MX,2024-08-22,68.5199966430664
BIMBOA.MX,2024-08-23,68.73999786376953
BIMBOA.MX,2024-08-26,70.19999694824219
BIMBOA.MX,2024-08-27,67.76000213623047
BIMBOA.MX,2024-08-28,68.11000061035156
BIMBOA.MX,2024-08-29,69.5
BIMBOA.MX,2024-08-30,70.70999908447266
BIMBOA.MX,2024-09-02,70.25
BIMBOA.MX,2024-09-03,68.94000244140625
BIMBOA.MX,2024-09-04,70.98999786376953
BIMBOA.MX,2024-09-05,69.87999725341797
BIMBOA.MX,2024-09-06,69.19000244140625
BIMBOA.MX,2024-09-09,69.0999984741211
BIMBOA.MX,2024-09-10,68.2699966430664
BIMBOA.MX,2024-09-11,67.98999786376953
BIMBOA.MX,2024-09-12,69.339996337890625
BIMBOA.MX,2024-09-13,68.68000030517578
BIMBOA.MX,2024-09-17,67.87000274658203
BIMBOA.MX,2024-09-18,68.44999694824219
BIMBOA.MX,2024-09-19,69.79000091552734
BIMBOA.MX,2024-09-20,66.43000030517578
BIMBOA.MX,2024-09-23,68.33000183105469
BIMBOA.MX,2024-09-24,69.8499984741211
BIMBOA.MX,2024-09-25,68.6500015258789
BIMBOA.MX,2024-09-26,69.19000244140625
BIMBOA.MX,2024-09-27,68.1500015258789
BIMBOA.MX,2024-09-30,67.70999908447266
BIMBOA.MX,2024-10-02,66.9800033569336
BIMBOA.MX,2024-10-03,65.73999786376953
BIMBOA.MX,2024-10-04,67.339996337890625
BIMBOA.MX,2024-10-07,66.20999908447266
BIMBOA.MX,2024-10-08,66.029998779296875
BIMBOA.MX,2024-10-09,64.6500015258789
BIMBOA.MX,2024-10-10,64.5
BIMBOA.MX,2024-10-11,65.94999694824219
BIMBOA.MX,2024-10-14,64.470001220703125
BIMBOA.MX,2024-10-15,64.160003662109375
BIMBOA.MX,2024-10-16,65.339996337890625
BIMBOA.MX,2024-10-17,65.4000015258789
BIMBOA.MX,2024-10-18,65.5
BIMBOA.MX,2024-10-21,64.660003662109375
BIMBOA.MX,2024-10-22,64.5999984741211
BIMBOA.MX,2024-10-23,64.4000015258789
BIMBOA.MX,2024-10-24,64.16999816894531
BIMBOA.MX,2024-10-25,63.099998474121094
BIMBOA.MX,2024-10-28,64.9000015258789
BIMBOA.MX,2024-10-29,62
BIMBOA.MX,2024-10-30,61.93000030517578
BIMBOA.MX,2024-10-31,61.970001220703125
BIMBOA.MX,2024-11-01,61.36000061035156
BIMBOA.MX,2024-11-04,62.83000183105469
BIMBOA.MX,2024-11-05,62.779998779296875
BIMBOA.MX,2024-11-06,63.400001525878906
BIMBOA.MX,2024-11-07,66.51000213623047
BIMBOA.MX,2024-11-08,66.93000030517578
BIMBOA.MX,2024-11-11,65.30000305175781
BIMBOA.MX,2024-11-12,62.81999969482422
BIMBOA.MX,2024-11-13,62.79999923706055
BIMBOA.MX,2024-11-14,62.63999938964844
BIMBOA.MX,2024-11-15,63.150001525878906
BIMBOA.MX,2024-11-19,61.11000061035156
BIMBOA.MX,2024-11-20,61.38999938964844
BIMBOA.MX,2024-11-21,61
BIMBOA.MX,2024-11-22,60.810001373291016
BIMBOA.MX,2024-11-25,60.31999969482422
BIMBOA.MX,2024-11-26,59.720001220703125
BIMBOA.MX,2024-11-27,59.9900016784668
BIMBOA.MX,2024-11-28,60.220001220703125
BIMBOA.MX,2024-11-29,59.650001525878906
BIMBOA.MX,2024-12-02,60.869998931884766
BIMBOA.MX,2024-12-03,59.689998626708984
BIMBOA.MX,2024-12-04,58.95000076293945
BIMBOA.MX,2024-12-05,59.029998779296875
BIMBOA.MX,2024-12-06,58.79999923706055
BIMBOA.MX,2024-12-09,58.599998474121094
BIMBOA.MX,2024-12-10,57.849998474121094
BIMBOA.MX,2024-12-11,58.45000076293945
BIMBOA.MX,2024-12-13,58.02000045776367
BIMBOA.MX,2024-12-16,56.959999084472656
BIMBOA.MX,2024-12-17,55.880001068115234
BIMBOA.MX,2024-12-18,55.709999084472656
BIMBOA.MX,2024-12-19,55.81999969482422
BIMBOA.MX,2024-12-20,55.7400016784668
BIMBOA.MX,2024-12-23,55.88999938964844
BIMBOA.MX,2024-12-24,55.540000915527344
BIMBOA.MX,2024-12-26,54.9900016784668
BIMBOA.MX,2024-12-27,54.83000183105469
BIMBOA.MX,2024-12-30,54.38999938964844
BIMBOA.MX,2024-12-31,55.349998474121094
BIMBOA.MX,2025-01-02,55.16999816894531
BIMBOA.MX,2025-01-03,54.369998931884766
BIMBOA.MX,2025-01-06,54.439998626708984
BIMBOA.MX,2025-01-07,54.31999969482422
BIMBOA.MX,2025-01-08,51.70000076293945
BIMBOA.MX,2025-01-09,51.400001525878906
BIMBOA.MX,2025-01-10,50.529998779296875
BIMBOA.MX,2025-01-13,50.83000183105469
BIMBOA.MX,2025-01-14,50.84000015258789
BIMBOA.MX,2025-01-15,50.459999084472656
BIMBOA.MX,2025-01-16,49.310001373291016
BIMBOA.MX,2025-01-17,52.08000183105469
BIMBOA.MX,2025-01-20,52.20000076293945
BIMBOA.MX,2025-01-21,53
BIMBOA.MX,2025-01-22,54.709999084472656
BIMBOA.MX,2025-01-23,53.970001220703125
BIMBOA.MX,2025-01-24,54.31999969482422
BIMBOA.MX,2025-01-27,53.720001220703125
BIMBOA.MX,2025-01-28,54.40999984741211
BIMBOA.MX,2025-01-29,54.220001220703125
BIMBOA.MX,2025-01-30,54.95000076293945
BIMBOA.MX,2025-01-31,54.29999923706055
BIMBOA.MX,2025-02-04,54.310001373291016
BIMBOA.MX,2025-02-05,54.38999938964844
BIMBOA.MX,2025-02-06,54.4900016784668
BIMBOA.MX,2025-02-07,54.04999923706055
BIMBOA.MX,2025-02-10,54.41999816894531
BIMBOA.MX,2025-02-11,55.349998474121094
BIMBOA.MX,2025-02-12,56.83000183105469
BIMBOA.MX,2025-02-13,57.63999938964844
BIMBOA.MX,2025-02-14,56.900001525878906
BIMBOA.MX,2025-02-17,56.79999923706055
BIMBOA.MX,2025-02-18,57.43000030517578
BIMBOA.MX,2025-02-19,56.369998931884766
BIMBOA.MX,2025-02-20,56.779998779296875
BIMBOA.MX,2025-02-21,56.2599983215332
BIMBOA.MX,2025-02-24,56.59000015258789
BIMBOA.MX,2025-02-25,56.4900016784668
BIMBOA.MX,2025-02-26,57.31999969482422
BIMBOA.MX,2025-02-27,54.5099983215332
BIMBOA.MX,2025-02-28,55.33000183105469
BIMBOA.MX,2025-03-03,54.630001068115234
BIMBOA.MX,2025-03-04,54.91999816894531
BIMBOA.MX,2025-03-05,56.68000030517578
BIMBOA.MX,2025-03-06,56.41999816894531
BIMBOA.MX,2025-03-07,58.31999969482422
BIMBOA.MX,2025-03-10,56.5099983215332
BIMBOA.MX,2025-03-11,54.5
BIMBOA.MX,2025-03-12,54.75
BIMBOA.MX,2025-03-13,55.27000045776367
BIMBOA.MX,2025-03-14,54.650001525878906
BIMBOA.MX,2025-03-18,55.93000030517578
BIMBOA.MX,2025-03-19,55.5
BIMBOA.MX,2025-03-20,54.369998931884766
BIMBOA.MX,2025-03-21,54.66999816894531
BIMBOA.MX,2025-03-24,54.68000030517578
BIMBOA.MX,2025-03-25,55.310001373291016
BIMBOA.MX,2025-03-26,55.86000061035156
BIMBOA.MX,2025-03-27,55.83000183105469
BIMBOA.MX,2025-03-28,56.380001068115234
BIMBOA.MX,2025-03-31,55.4900016784668
BIMBOA.MX,2025-04-01,57.290000915527344
BIMBOA.MX,2025-04-02,58.9900016784668
BIMBOA.MX,2025-04-03,59.630001068115234
BIMBOA.MX,2025-04-04,56.290000915527344
BIMBOA.MX,2025-04-07,55.36000061035156
BIMBOA.MX,2025-04-08,55.9900016784668
BIMBOA.MX,2025-04-09,59.06999969482422
BIMBOA.MX,2025-04-10,57.790000915527344
BIMBOA.MX,2025-04-11,58.290000915527344
BIMBOA.MX,2025-04-14,59.33000183105469
BIMBOA.MX,2025-04-15,59.2400016784668
BIMBOA.MX,2025-04-16,60.130001068115234
BIMBOA.MX,2025-04-21,62.5099983215332
BIMBOA.MX,2025-04-22,63.38999938964844
BIMBOA.MX,2025-04-23,66.5
BIMBOA.MX,2025-04-24,67.51000213623047
BIMBOA.MX,2025-04-25,66.51000213623047
BIMBOA.MX,2025-04-28,67.38999938964844
BIMBOA.MX,2025-04-29,63.29999923706055
BIMBOA.MX,2025-04-30,59.66999816894531
BIMBOA.MX,2025-05-02,58.220001220703125
BIMBOA.MX,2025-05-05,58.36000061035156
BIMBOA.MX,2025-05-06,60.529998779296875
BIMBOA.MX,2025-05-07,60.310001373291016
BIMBOA.MX,2025-05-08,59.849998474121094
BIMBOA.MX,2025-05-09,58.77000045776367
BIMBOA.MX,2025-05-12,58.31999969482422
BIMBOA.MX,2025-05-13,58.15999984741211
BIMBOA.MX,2025-05-14,57.63999938964844
BIMBOA.MX,2025-05-15,57.5099983215332
BIMBOA.MX,2025-05-16,57.5
BIMBOA.MX,2025-05-19,58.209999084472656
BIMBOA.MX,2025-05-20,55.40999984741211
BIMBOA.MX,2025-05-21,55.689998626708984
BIMBOA.MX,2025-05-22,55.459999084472656
BIMBOA.MX,2025-05-23,56
BIMBOA.MX,2025-05-26,55.97999954223633
BIMBOA.MX,2025-05-27,55.470001220703125
BIMBOA.MX,2025-05-28,55.09000015258789
BIMBOA.MX,2025-05-29,55.16999816894531
BIMBOA.MX,2025-05-30,54.25
BIMBOA.MX,2025-06-02,52.400001525878906
BIMBOA.MX,2025-06-03,52.84000015258789
BIMBOA.MX,2025-06-04,52
BIMBOA.MX,2025-06-05,52.209999084472656
BIMBOA.MX,2025-06-06,52.209999084472656
BIMBOA.MX,2025-06-09,50.970001220703125
BIMBOA.MX,2025-06-10,51.630001068115234
BIMBOA.MX,2025-06-11,50.93000030517578
BIMBOA.MX,2025-06-12,51.72999954223633
BIMBOA.MX,2025-06-13,51.689998626708984
BIMBOA.MX,2025-06-16,51.529998779296875
BIMBOA.MX,2025-06-17,51.560001373291016
BIMBOA.MX,2025-06-18,51.31999969482422
BIMBOA.MX,2025-06-19,51.779998779296875
BIMBOA.MX,2025-06-20,52.369998931884766
BIMBOA.MX,2025-06-23,52.220001220703125
BIMBOA.MX,2025-06-24,52.16999816894531
BIMBOA.MX,2025-06-25,53.439998626708984
BIMBOA.MX,2025-06-26,53.560001373291016
BIMBOA.MX,2025-06-27,53.0099983215332
BIMBOA.MX,2025-06-30,52.34000015258789
BIMBOA.MX,2025-07-01,52.18000030517578
BIMBOA.MX,2025-07-02,52.380001068115234
BIMBOA.MX,2025-07-03,52.310001373291016
BIMBOA.MX,2025-07-04,52.11000061035156
BIMBOA.MX,2025-07-07,50.970001220703125
BIMBOA.MX,2025-07-08,51.380001068115234
BIMBOA.MX,2025-07-09,50.689998626708984
BIMBOA.MX,2025-07-10,50.65999984741211
BIMBOA.MX,2025-07-11,50.720001220703125
BIMBOA.MX,2025-07-14,50.58000183105469
BIMBOA.MX,2025-07-15,50.720001220703125
BIMBOA.MX,2025-07-16,50.15999984741211
BIMBOA.MX,2025-07-17,50.7599983215332
BIMBOA.MX,2025-07-18,50.400001525878906
BIMBOA.MX,2025-07-21,49.810001373291016
BIMBOA.MX,2025-07-22,49.41999816894531
BIMBOA.MX,2025-07-23,50.7400016784668
BIMBOA.MX,2025-07-24,50
BIMBOA.MX,2025-07-25,54.08000183105469
BIMBOA.MX,2025-07-28,55.4900016784668
BIMBOA.MX,2025-07-29,56.349998474121094
BIMBOA.MX,2025-07-30,55.59000015258789
BIMBOA.MX,2025-07-31,54.77000045776367
BIMBOA.MX,2025-08-01,54.83000183105469
BIMBOA.MX,2025-08-04,54
BIMBOA.MX,2025-08-05,54.16999816894531
BIMBOA.MX,2025-08-06,54.43000030517578
BIMBOA.MX,2025-08-07,55.189998626708984
BIMBOA.MX,2025-08-08,54.869998931884766
BIMBOA.MX,2025-08-11,54.5
BIMBOA.MX,2025-08-12,54.5
BIMBOA.MX,2025-08-13,55.59000015258789
BIMBOA.MX,2025-08-14,56.060001373291016
BIMBOA.MX,2025-08-15,56.709999084472656
BIMBOA.MX,2025-08-18,56.54999923706055
BIMBOA.MX,2025-08-19,57.66999816894531
BIMBOA.MX,2025-08-20,57.900001525878906
BIMBOA.MX,2025-08-21,58.279998779296875
BIMBOA.MX,2025-08-22,58.38999938964844
BIMBOA.MX,2025-08-25,58.81999969482422
BIMBOA.MX,2025-08-26,58.11000061035156
BIMBOA.MX,2025-08-27,58.349998474121094
BIMBOA.MX,2025-08-28,58.040000915527344
BIMBOA.MX,2025-08-29,58.08000183105469
BIMBOA.MX,2025-09-01,57.83000183105469
BIMBOA.MX,2025-09-02,59.41999816894531
BIMBOA.MX,2025-09-03,60.13999938964844
BIMBOA.MX,2025-09-04,61.279998779296875
BIMBOA.MX,2025-09-05,63.380001068115234
BIMBOA.MX,2025-09-08,62.81999969482422
BIMBOA.MX,2025-09-09,63.04999923706055
BIMBOA.MX,2025-09-10,62.439998626708984
BIMBOA.MX,2025-09-11,63.470001220703125
BIMBOA.MX,2025-09-12,65.1500015258789
BIMBOA.MX,2025-09-15,65.01000213623047
BIMBOA.MX,2025-09-17,65.01000213623047
BIMBOA.MX,2025-09-18,65.05000305175781
BIMBOA.MX,2025-09-19,64.7699966430664
BIMBOA.MX,2025-09-22,64.720001220703125
BIMBOA.MX,2025-09-23,64.19999694824219
BIMBOA.MX,2025-09-24,63.61000061035156
BIMBOA.MX,2025-09-25,64.25
BIMBOA.MX,2025-09-26,65.13999938964844
BIMBOA.MX,2025-09-29,64.9000015258789
BIMBOA.MX,2025-09-30,65.05999755859375
BIMBOA.MX,2025-10-01,64.19000244140625
BIMBOA.MX,2025-10-02,65.12000274658203
BIMBOA.MX,2025-10-03,64.470001220703125
BIMBOA.MX,2025-10-06,65.2300033569336
BIMBOA.MX,2025-10-07,63.13999938964844
BIMBOA.MX,2025-10-08,60.9900016784668
BIMBOA.MX,2025-10-09,62.13999938964844
BIMBOA.MX,2025-10-10,60.970001220703125
BIMBOA.MX,2025-10-13,61.18000030517578
BIMBOA.MX,2025-10-14,61.54999923706055
BIMBOA.MX,2025-10-15,60.810001373291016
BIMBOA.MX,2025-10-16,62.689998626708984
BIMBOA.MX,2025-10-17,62.150001525878906
BIMBOA.MX,2025-10-20,62.5
BIMBOA.MX,2025-10-21,60.959999084472656
BIMBOA.MX,2025-10-22,61.7400016784668
BIMBOA.MX,2025-10-23,62.84000015258789
BIMBOA.MX,2025-10-24,61.650001525878906
BIMBOA.MX,2025-10-27,62.189998626708984
BIMBOA.MX,2025-10-28,65.93000030517578
BIMBOA.MX,2025-10-29,65.86000061035156
BIMBOA.MX,2025-10-30,65.41999816894531
BIMBOA.MX,2025-10-31,64.160003662109375
BIMBOA.MX,2025-11-03,63.72999954223633
BIMBOA.MX,2025-11-04,65.7300033569336
BIMBOA.MX,2025-11-05,65.6500015258789
BIMBOA.MX,2025-11-06,64.9000015258789
BIMBOA.MX,2025-11-07,65.43000030517578
BIMBOA.MX,2025-11-10,63.5
BIMBOA.MX,2025-11-11,65.05999755859375
BIMBOA.MX,2025-11-12,62.65999984741211
BIMBOA.MX,2025-11-13,61.060001373291016
BIMBOA.MX,2025-11-14,60.02000045776367
BIMBOA.MX,2025-11-18,60.04999923706055
BIMBOA.MX,2025-11-19,59.06999969482422
BIMBOA.MX,2025-11-20,58.13999938964844
BIMBOA.MX,2025-11-21,57.13999938964844
BIMBOA.MX,2025-11-24,59
BIMBOA.MX,2025-11-25,59.13999938964844
BIMBOA.MX,2025-11-26,57.70000076293945
BIMBOA.MX,2025-11-27,57.4900016784668
BIMBOA.MX,2025-11-28,57.93000030517578
BIMBOA.MX,2025-12-01,57.81999969482422
BIMBOA.MX,2025-12-02,60.349998474121094
BIMBOA.MX,2025-12-03,59.709999084472656
BIMBOA.MX,2025-12-04,58.84000015258789
BIMBOA.MX,2025-12-05,60.08000183105469
BIMBOA.MX,2025-12-08,59.31999969482422
BIMBOA.MX,2025-12-09,59.59000015258789
BIMBOA.MX,2025-12-10,60
BIMBOA.MX,2025-12-11,59.689998626708984
BIMBOA.MX,2025-12-15,58.7599983215332
BIMBOA.MX,2025-12-16,58
BIMBOA.MX,2025-12-17,57.7599983215332
BIMBOA.MX,2025-12-18,58.81999969482422
BIMBOA.MX,2025-12-19,59.70000076293945
BIMBOA.MX,2025-12-22,58.959999084472656
BIMBOA.MX,2025-12-23,59.779998779296875
BIMBOA.MX,2025-12-24,60.09000015258789
BIMBOA.MX,2025-12-26,60.220001220703125
BIMBOA.MX,2025-12-29,59.84000015258789
BIMBOA.MX,2025-12-30,58.5
BIMBOA.MX,2025-12-31,59
BIMBOA.MX,2026-01-02,58.83000183105469
BIMBOA.MX,2026-01-05,59.11000061035156
BIMBOA.MX,2026-01-06,57.72999954223633
BIMBOA.MX,2026-01-07,58.459999084472656
BIMBOA.MX,2026-01-08,60.70000076293945
BIMBOA.MX,2026-01-09,62.40999984741211
BIMBOA.MX,2026-01-12,63.689998626708984
BIMBOA.MX,2026-01-13,61.130001068115234
BIMBOA.MX,2026-01-14,61.90999984741211
BIMBOA.MX,2026-01-15,62.41999816894531
BIMBOA.MX,2026-01-16,62.22999954223633
BIMBOA.MX,2026-01-19,62.5
BIMBOA.MX,2026-01-20,61.310001373291016
BIMBOA.MX,2026-01-21,60.88999938964844
BIMBOA.MX,2026-01-22,61.54999923706055
BIMBOA.MX,2026-01-23,61.70000076293945
BIMBOA.MX,2026-01-26,61.369998931884766
BIMBOA.MX,2026-01-27,60.380001068115234
BIMBOA.MX,2026-01-28,60.29999923706055
BIMBOA.MX,2026-01-29,59.9900016784668
BIMBOA.MX,2026-01-30,60.7400016784668
BIMBOA.MX,2026-02-03,62.810001373291016
BIMBOA.MX,2026-02-04,63.08000183105469
BIMBOA.MX,2026-02-05,63.20000076293945
BIMBOA.MX,2026-02-06,67.5
BIMBOA.MX,2026-02-09,67.4000015258789
BIMBOA.MX,2026-02-10,67.55999755859375
BIMBOA.MX,2026-02-11,67.8499984741211
BIMBOA.MX,2026-02-12,66.37000274658203
BIMBOA.MX,2026-02-13,67.61000061035156
BIMBOA.MX,2026-02-16,67.62000274658203
BIMBOA.MX,2026-02-17,68.58000183105469
BIMBOA.MX,2026-02-18,66.4800033569336
BIMBOA.MX,2026-02-19,65.279998779296875
BIMBOA.MX,2026-02-20,64.01000213623047
BIMBOA.MX,2026-02-23,63.310001373291016
BIMBOA.MX,2026-02-24,62.83000183105469
BIMBOA.MX,2026-02-25,62.79999923706055
BIMBOA.MX,2026-02-26,63.95000076293945
BIMBOA.MX,2026-02-27,62.599998474121094
BIMBOA.MX,2026-03-02,62.06999969482422
BIMBOA.MX,2026-03-03,61.47999954223633
BIMBOA.MX,2026-03-04,64.48999786376953
BIMBOA.MX,2026-03-05,63.189998626708984
BIMBOA.MX,2026-03-06,61.29999923706055
BIMBOA.MX,2026-03-09,61.439998626708984
BIMBOA.MX,2026-03-10,60.68000030517578
BIMBOA.MX,2026-03-11,60.880001068115234
BIMBOA.MX,2026-03-12,59.709999084472656
BIMBOA.MX,2026-03-13,59.529998779296875
BIMBOA.MX,2026-03-17,59.06999969482422
BIMBOA.MX,2026-03-18,58.16999816894531
BIMBOA.MX,2026-03-19,58.63999938964844
BIMBOA.MX,2026-03-20,57.52000045776367
BIMBOA.MX,2026-03-23,57.189998626708984
BIMBOA.MX,2026-03-24,57.95000076293945
BIMBOA.MX,2026-03-25,59.45000076293945
BIMBOA.MX,2026-03-26,58.65999984741211
BIMBOA.MX,2026-03-27,58.56999969482422
BIMBOA.MX,2026-03-30,59.939998626708984
BIMBOA.MX,2026-03-31,60.029998779296875
BIMBOA.MX,2026-04-01,59.11000061035156
BIMBOA.MX,2026-04-06,58.290000915527344
BIMBOA.MX,2026-04-07,58.709999084472656
BIMBOA.MX,2026-04-08,59.4900016784668
BIMBOA.MX,2026-04-09,57.779998779296875
BIMBOA.MX,2026-04-10,58
BIMBOA.MX,2026-04-13,57.380001068115234
BIMBOA.MX,2026-04-14,57.29999923706055
BIMBOA.MX,2026-04-15,57.869998931884766
BIMBOA.MX,2026-04-16,57.400001525878906
BIMBOA.MX,2026-04-17,57.45000076293945
BIMBOA.MX,2026-04-20,57.540000915527344
BIMBOA.MX,2026-04-21,56.52000045776367
BIMBOA.MX,2026-04-23,54.130001068115234
BIMBOA.MX,2026-04-24,54.70000076293945
BIMBOA.MX,2026-04-27,53.599998474121094
BIMBOA.MX,2026-04-28,53.66999816894531
BIMBOA.MX,2026-04-29,54.459999084472656
BIMBOA.MX,2026-04-30,59.380001068115234
BIMBOA.MX,2026-05-04,58.4900016784668
BIMBOA.MX,2026-05-05,58.70000076293945
BIMBOA.MX,2026-05-06,59.459999084472656
BIMBOA.MX,2026-05-07,60.25
BIMBOA.MX,2026-05-08,58.5
BIMBOA.MX,2026-05-11,59.29999923706055
BIMBOA.MX,2026-05-12,58.95000076293945
BIMBOA.MX,2026-05-13,58.34000015258789
BIMBOA.MX,2026-05-14,59.040000915527344
BIMBOA.MX,2026-05-15,59.189998626708984
BIMBOA.MX,2026-05-18,58
BIMBOA.MX,2026-05-19,59.88999938964844
BIMBOA.MX,2026-05-20,59.939998626708984
BIMBOA.MX,2026-05-21,58.040000915527344
BIMBOA.MX,2026-05-22,58.220001220703125
BIMBOA.MX,2026-05-25,57.810001373291016
BIMBOA.MX,2026-05-26,58.7400016784668
BIMBOA.MX,2026-05-27,59.5
BIMBOA.MX,2026-05-28,58.869998931884766
BIMBOA.MX,2026-05-29,59.689998626708984
BIMBOA.MX,2026-06-01,57.5
BIMBOA.MX,2026-06-02,57.9900016784668
BIMBOA.MX,2026-06-03,58.290000915527344
BIMBOA.MX,2026-06-04,57.13999938964844
BIMBOA.MX,2026-06-05,55.779998779296875
BIMBOA.MX,2026-06-08,56
BIMBOA.MX,2026-06-09,55.650001525878906
BIMBOA.MX,2026-06-10,56.779998779296875
BIMBOA.MX,2026-06-11,58.33000183105469
BIMBOA.MX,2026-06-12,58.2400016784668
BIMBOA.MX,2026-06-15,58.25
BIMBOA.MX,2026-06-16,58
BIMBOA.MX,2026-06-17,57.880001068115234
BIMBOA.MX,2026-06-18,57.15999984741211
BIMBOA.MX,2026-06-19,58.91999816894531
BIMBOA.MX,2026-06-22,56.20000076293945
BIMBOA.MX,2026-06-23,56.02000045776367
BIMBOA.MX,2026-06-24,55.209999084472656
BIMBOA.MX,2026-06-25,56.380001068115234
BIMBOA.MX,2026-06-26,57.09000015258789
BIMBOA.MX,2026-06-29,57
BIMBOA.MX,2026-06-30,57.099998474121094
BIMBOA.MX,2026-07-01,56.220001220703125
BIMBOA.MX,2026-07-02,56.599998474121094
BIMBOA.MX,2026-07-03,56.529998779296875
BIMBOA.MX,2026-07-06,57.150001525878906
BIMBOA.MX,2026-07-07,56.70000076293945
BIMBOA.MX,2026-07-08,57.029998779296875
BIMBOA.MX,2026-07-09,56.099998474121094
BIMBOA.MX,2026-07-10,56.060001373291016
BIMBOA.MX,2026-07-13,55.970001220703125
BIMBOA.MX,2026-07-14,56.54999923706055
BIMBOA.MX,2026-07-15,57.5
BIMBOA.MX,2026-07-16,58.25
BIMBOA.MX,2026-07-17,58
BIMBOA.MX,2026-07-20,59.310001373291016
BIMBOA.MX,2026-07-21,59.38999938964844
BIMBOA.MX,2026-07-22,60.29999923706055
BIMBOA.MX,2026-07-23,59.08000183105469
BIMBOA.MX,2026-07-24,58.2599983215332
BIMBOA.MX,2026-07-27,59.2400016784668
BIMBOA.MX,2026-07-28,59.5
BIMBOA.MX,2026-07-29,59.959999084472656
BIMBOA.MX,2026-07-30,60.83000183105469
BIMBOA.MX,2026-08-03,61.15999984741211
BIMBOA.MX,2026-08-04,61.06999969482422
BIMBOA.MX,2026-08-05,61.369998931884766
BIMBOA.MX,2026-08-06,60.63999938964844
BIMBOA.MX,2026-08-07,61.209999084472656
